title,link,content
"[게시판] 우리금융, 강릉에 생수 20만병 기부",https://n.news.naver.com/mnews/article/001/0015600599,"▲ 우리금융그룹은 극심한 가뭄을 겪는 강릉시에 2ℓ 생수 20만병을 긴급 지원했다고 2일 밝혔다. 대한적십자사를 통해 강릉시청에 전달된 생수는 생활용수 등으로 지역 취약계층에 우선 공급된다. 임종룡 우리금융 회장은 ""강릉 지역 주민 생활의 어려움이 가중되고 있어 일상생활 지원을 위해 생수를 기부했다""며, ""사회적 책임을 다하기 위한 노력을 아끼지 않을 것""이라고 말했다. (서울=연합뉴스)"
[뉴스줌인]바람 잘 날 없는 롯데카드…재매각도 사실상 무산 '위기',https://n.news.naver.com/mnews/article/030/0003346283,"롯데카드에서 발생한 이번 해킹 사태로 인해 최대주주인 사모펀드( PEF ) MBK 파트너스의 지분 매각도 사실상 무산될 가능성이 커지고 있다. 홈플러스 사태로 인해 연체율이 급등하며 건전성에 우려가 불거지는 상황에서 예상치 못한 후속 보안 조치 비용까지 추가로 발생한 영향이다. 2일 관련업계에 따르면 올해 상반기 롯데카드의 연체율은 2.32%로 직전 분기 1.94% 대비 0.36%포인트(P) 증가했다. 2분기 다른 전업 카드사 7곳의 연체율이 일제히 감소한 가운데 롯데카드만 연체율이 치솟았다. 고정이하 채권 비율도 2.37%로 전년 동기 대비 1.01%P 늘었다. 전업 카드사 가운데 유일하게 2%대의 부실채권 비율을 기록 중이다. 업계 안팎에서는 최근 이어지는 롯데카드의 건전성 악화가 매각을 위한 수익성 개선 작업에 집중하면서 불거진 결과로 해석하는 분위기다. 실제 롯데카드의 2분기 당기순이익은 대손충당금 적립으로 지난해 같은 기간 대비 줄었지만, 영업수익은 9.7%가 증가했다. 상반기 말 기준 회원수도 967만명으로 6개월전 대비 10만명이 늘었다. 이번에 발생한 해킹 사고는 그간 수익성 확보에 매진하던 롯데카드 기업 가치에 직접적인 타격을 줄 가능성이 크다. 기업 평판 훼손은 물론 향후 추가로 발생할 수 있는 피해에 대한 각종 법적·재정적인 리스크가 남아있기 때문이다. 추가 보안 조치도 숙제다. 웹셸 공격으로 인한 제 2의 피해 가능성을 배제할 수 없어서다. 실제 SK 텔레콤은 최근 대규모 해킹 사고 이후 5년간 7000억원을 보안에 투자하겠다고 발표한 바 있다. 롯데카드 역시 추가적인 보안 체계 구축을 위한 신규 투자 수요가 발생할 가능성이 크다. 문제는 대주주인 MBK 파트너스가 롯데카드 신뢰 회복을 위한 적극적인 조치에 나설 만한 상황이 아니라는 점이다. 단기 수익을 추구하는 사모펀드의 특성은 물론이고, 당장 홈플러스 등 여타 투자 자산에 대한 회수도 쉽사리 진척이 되지 않고 있어서다. 주요 신용평가사들 역시 롯데카드에 대해서는 신용 평가 과정에서 유사시 계열사 지원 가능성을 전혀 반영하지 않고 있다. 보안 업계 관계자는 “2017년에 확인된 취약점에 노출됐다는 사실만으로도 매각을 서두르고 있는 사모펀드 입장에서 보안 거버넌스에 대한 관심을 전혀 기울이지 않았다는 걸 짐작할 수 있다”면서 “결국 대주주의 재무적 어려움이 금융 보안에도 악영향을 준 셈”이라고 판단했다. 금감원 조사 결과에 따라 징벌적 과징금 및 손해배상 소송 등 추가적인 비용이 발생할 가능성도 크다. 특히 최종적으로 개인정보까지 유출됐을 경우 예상되는 피해액도 상당하다. 롯데카드의 건전성에도 직격탄이 될 수 있다."
"우리금융, 가뭄 피해 강릉 지역주민에 2ℓ 생수 20만병 기부",https://n.news.naver.com/mnews/article/016/0002522975,사회복지공동모금회 통해 지원 ‘생활용수난’ 취약계층 우선 공급 우리금융그룹 전경 [우리금융 제공] [헤럴드경제=김은희 기자] 우리금융그룹은 극심한 가뭄으로 생활에 큰 불편을 겪고 있는 강릉시에 2ℓ 생수 20만병을 긴급 지원했다고 2일 밝혔다. 생수는 대한적십자사를 통해 강릉시청에 전달된다. 긴급 생활용수 등 다양한 용도로 지역 취약계층에 우선적으로 공급할 계획이다. 우리금융은 그간 국내 재난·재해가 발생할 때마다 선제적으로 구호 활동에 나서 기업의 사회적 책임을 실천해 왔다. 현재 강릉시 가뭄 피해 상황을 지속적으로 모니터링하고 있다. 필요시 추가적인 지원에 나설 예정이다. 임종룡 우리금융 회장은 “오봉저수지 저수율이 15% 이하로 떨어지는 등 강릉시 지역주민 생활의 어려움이 가중되고 있어 일상생활 지원을 위해 생수를 긴급하게 기부했다”며 “사회적 책임을 다하기 위해 노력을 아끼지 않겠다”고 전했다.
미 금리 인하 전망에 금·은값 최고,https://n.news.naver.com/mnews/article/421/0008461649,(서울=뉴스1) 구윤성 기자 = 금과 은 가격이 급등세를 보이는 2일 서울 종로구 한국금거래소에서 관계자가 골드바를 내보이고 있다. 1일(현지시간) 런던 거래에서 금 선물 가격은 온스당 3475달러로 거래되며 4월 기록한 최고가 3454달러를 넘어섰다. 현물 시장에서 금은 온스당 3489달러까지 상승해 사상 최고치에 단 11달러 차이로 접근했다. 은 가격은 2.6% 상승해 온스당 40.76달러를 기록해 2011년 이후 처음으로 40달러를 돌파했다. 금값 상승은 미국 달러화 약세와 연방준비제도( Fed )의 금리 인하 가능성이 맞물리면서 나타난 것으로 분석된다. 2025.9.2/뉴스1
흥국화재·제이피워런티 맞손…중고차 보증 1개월→1년으로 확대,https://n.news.naver.com/mnews/article/008/0005244457,"사진 왼쪽부터 박한용 제이피워런티 대표, 김미연 홍보담당 이사, 허정민 흥국화재 법인사업본부 전무/사진제공=흥국화재 흥국화재가 자동차 전문보증업체 제이피워런티와 함께 중고차 연장보증서비스 '점프 워런티( Jump Warranty )'를 본격 확대한다고 2일 밝혔다. 한국자동차진단보증협회 성능점검을 거친 중고차는 의무보험 가입을 통해 1개월간만 보장받을 수 있다. 하지만 새롭게 제공되는 '점프 워런티 연장보증서비스'는 최대 1년 또는 주행거리 2만 km 까지 엔진·미션 등 주요 부품 결함을 보장한다. 국토교통부에 따르면 국내 중고차 거래량은 연간 약 400만 대로 신차 판매량을 웃돈다. 그러나 성능·상태 불일치, 사고·침수 이력 미고지, 보증 부재 등으로 인한 소비자 피해 상담은 매년 1만 건 이상 접수된다. 흥국화재 관계자는 ""중고차 성능 점검과 보증 확대는 소비자 권익 보호와 건전한 유통문화 정착에 중요한 역할을 한다""며 ""차별화된 보험서비스를 통해 신뢰받는 중고차 시장 형성에 힘쓰겠다""고 말했다. 제이피워런티도 ""연장보증서비스는 소비자 불안 해소와 업계 경쟁력 강화에 기여할 것""이라고 밝혔다. 한편 전문가들은 중고차 거래 시 성능·상태 점검기록부 확인, 보증 범위·기간 검토, 사고·침수 이력 확인 등을 반드시 챙길 것을 조언했다."
"DB손해보험, TV광고 '우리는 약속한 사이' 론칭",https://n.news.naver.com/mnews/article/014/0005400364,"[파이낸셜뉴스] DB 손해보험은 TV 광고 '우리는 약속한 사이'를 론칭했다고 2일 밝혔다. 이번 캠페인은 '약속한 사이'라는 고객과의 관계를 기반으로 일상 속에서 고객의 안전·건강·사랑을 지켜주는 DB 손보만의 브랜드 가치를 담고 있다. 이번 TV 광고는 DB 손보 주력상품을 노출해 고객과 함께 일상 속 약속을 지켜가고자 하는 메시지를 전한다. 운전자와 동승자의 안전을 지켜주는 '참좋은 운전자보험 ', 반려견의 건강을 책임지는 '펫블리 반려견보험 ', 가족의 건강을 지켜주는 '나에게 맞춘 간편건강보험' 등 안전과 건강을 지키기 위한 순간을 포착했다. 새롭게 공개된 TV 광고에는 8년째 DB 손보의 모델로 활약 중인 배우 임윤아가 전면에 나선다. 이번 캠페인은 TV 광고 외에도 DB 손보의 브랜드 가치가 담긴 매니페스토 디지털 영상도 공개할 예정이다. DB 손보는 신규 광고와 유튜브, 인스타그램 등 SNS 채널에서도 고객 참여형 온라인 이벤트를 진행할 계획이다. # DB 손해보험 #임윤아"
‘960만 고객’ 롯데카드 해킹 사고…“정보 유출 확인 중”,https://n.news.naver.com/mnews/article/243/0000084059,"롯데카드. [사진 연합뉴스] [이코노미스트 송현주 기자] 960만여명의 고객을 보유한 롯데카드가 지난달 26일 외부 해킹 공격을 받은 것으로 나타났다. 고객정보 유출이 확인되진 않았지만 외부 공격자가 온라인 결제 서버에 접근한 흔적이 남아 정밀 조사를 진행 중이다. 2일 금융권에 따르면 롯데카드는 지난달 26일 서버 점검 중 특정 서버에서 악성코드 감염 사실을 확인하고, 전체 서버를 대상으로 정밀 조사를 실시했다. 이 과정에서 3개 서버에서 2종의 악성코드와 5종의 웹 셸( web shell )이 발견돼 즉시 삭제 조치를 했다. 이어 같은 달 31일 낮 12시께 온라인 결제 서버에서 외부 공격자가 자료 유출을 시도한 흔적이 발견됐다. 유출된 데이터 규모는 약 1.7기가바이트( GB ) 정도로 파악됐다. 롯데카드 고객 수는 올해 상반기 기준 967만명, 시장점유율은 신용판매 기준 10.1%다. 내부조사 중인 롯데카드 측은 현재까지 고객 정보 등 개인정보 유출 여부는 아직 확인되지 않았으며, 금융당국과 조사를 이어나갈 예정이라고 밝혔다. 롯데카드측은 “추가적인 침해나 정보유출 가능성에 대해서는 계속해서 조사를 이어가고 있다”고 말했다. 금융당국도 사실관계 확인에 착수했다. 금융감독원 관계자는 “롯데카드로부터 관련 보고를 받은 상태”라며 “자세한 상황은 현재 확인 중”이라고 설명했다."
"롯데카드, 해킹 사고 17일간 몰랐다… “카드 정보 등 온라인 결제내역 유출 의심”",https://n.news.naver.com/mnews/article/366/0001104789,"“사고 최초 발생 8월 14일, 파일 외부 반출 2회” 롯데카드 사옥/롯데카드 제공 롯데카드가 해킹 사고를 당하고도 17일 동안 이를 파악하지 못한 것으로 나타났다. 2일 금융감독원이 국회 정무위원회 소속 강민국 의원실에 보고한 자료에 따르면 롯데카드에 최초 해킹 사고가 발생한 시점은 지난달 14일 오후 7시 21분쯤이다. 14일일에 이어 15일에도 온라인 결제 서버 해킹이 이뤄졌는데, 실제 내부 파일이 외부로 반출된 것은 2회로 파악됐다. 해커는 지난달 16일에도 해킹 시도를 했으나, 파일 반출에는 실패했다. 그러나 롯데카드가 해킹 사고를 인지한 시점은 지난달 31일 정오쯤이다. 사고 발생 후 보름이 지나서야 이러한 상황을 인지하게 된 셈이다. 롯데카드에 따르면 유출된 데이터 규모는 약 1.7기가바이트( GB ) 정도로 파악됐다. 금감원은 “반출 실패한 파일을 토대로 추정할 때 카드 정보 등 온라인 결제 요청 내역이 포함된 것으로 보인다”고 보고했다. 고객 정보 유출 가능성이 있다는 뜻으로 해석된다. 롯데카드는 금감원에 “백신 추가 설치, 악성코드 진단 조치 이외에 정보 유출 가능 고객을 확인해 카드 비밀번호 변경 등을 안내하겠다”고 보고했다. 강민국 의원은 “올해 6월까지만 해킹 사고 4건에 유출된 정보가 3142건이나 된다. 개인정보 유출은 한번 터지면 2차, 3차 범죄로까지 이어지는 대형 금융 사고”라며 “해킹 사고에 금융당국의 제재 강화 방안 마련이 시급하다”고 했다."
"""쳐다보니 1초만에 결제 끝…페이스페이, 100만개 가맹점 확대""",https://n.news.naver.com/mnews/article/003/0013456269,"토스, 얼굴인식 간편결제 '페이스페이' 간담회 [서울=뉴시스] 2일 서울시 강남구 에스제이쿤스트할레에서 열린 토스 페이스페이 기자간담회 체험존에 있는 토스프론트 단말기에서 페이스페이 서비스를 이용해보고 있다. (사진=권안나 기자) 2025.09.02. photo @ newsis.com *재판매 및 DB 금지 [서울=뉴시스]권안나 기자 = ""페이스페이를 사용해 본 많은 이들이 '결제라는 행위가 사라졌다'고 합니다. 커피를 들고 있든, 장바구니를 들고 있든 단말기를 바라보는 순간 결제가 끝납니다. 한번 써본 분들은 편리함을 깨닫고 습관처럼 사용하기 시작했다는 얘기를 했습니다.""(오규인 토스 부사장) 토스가 얼굴만 있으면 1초만에 결제가 끝나는 얼굴인식 간편결제 시장을 본격적으로 연다. 지난 3월 시범 운영을 시작한 '페이스페이'를 전국 단위로 영역을 넓히고, 내년까지 100만개 가맹점으로 보급을 확대한다는 계획이다. 2일 서울시 강남구 에스제이쿤스트할레에서 열린 토스 페이스페이 기자간담회 체험존에 있는 토스프론트 단말기에서 원하는 음료와 결제방식(페이스페이)을 택하니, 얼굴 인식을 위한 카메라가 켜지고 1초만에 결제가 이뤄졌다. 토스는 시범 운영 기간 단말기 위치와 각도, 사용자의 키, 매장의 조명 등 다양한 환경에 상관없이 사용할 수 있도록 제품을 재설계하고 얼굴 인식률을 개선해왔다. 이를 통해 빠르게 매끄럽게 결제가 이뤄질 수 있는 환경을 구현한 것이다. 페이스페이 결제에는 딥러닝 등 인공지능( AI ) 기술도 활용됐다. 사용자 얼굴 데이터를 식별하고 경험이 쌓일수록 기술이 발전하는 형태로 구성했다. 페이스페이 개발을 이끄는 토스 최준호 TPO 는 ""사람이 인식하는 것과 유사한 수준이라고 보면된다""며 ""주변 지인들이 봐도 크게 변하지 않을 정도로 성형을 했다면 사용할 수 있고, 지인들도 놀랄 정도로 성형을 한다면 재등록해야 편안하게 사용할 수 있다""고 설명했다. 토스는 최근 모바일 신분증 민간 사업자로 선정된 점을 활용해, 모바일 신분증 발급 시 인증한 얼굴 정보와 페이스페이 등록 정보를 결합해 사용할 수 있는 서비스도 개발한다는 계획이다. 영화관이나 숙박업소 등에서 성인 인증과 결제를 동시에 처리할 수 있게 되는 것이다. 콘서트장과 스포츠 경기장 등에서도 예약자의 얼굴을 확인하는 티켓으로 즉시 입장이 가능해진다. 최 TPO 는 ""결제와 신분증 인증이 필요한 오프라인 경험에서 한번의 얼굴 인식으로 모든 과정을 끝낼 수 있다""며 ""토스가 온라인에서 만든 혁신을 오프라인으로 확장하는 것""이라고 말했다. 토스는 올해 말까지 전국 30만개 매장, 2026년까지 100만개 매장으로 페이스페이를 확대해 생활에서 밀접하게 얼굴인식 결제를 만날 수 있도록 한다는 계획이다. 편의점·카페·외식·영화관·패션·뷰티·가전 매장까지 전방위적인 브랜드와의 협업도 예고했다. 우선적으로 시범 운영을 함께한 GS 25, CU, 세븐일레븐에 이어 이마트24까지 4대 편의점으로 협업을 확대한다. LG 베스트샵·롯데시네마·이니스프리·탑텐·두끼·소노·교촌 등 대형 프랜차이즈를 중심으로 보급한다. 향후 소상공인을 염두에 둔 중장기 지원 정책도 마련한다. 가맹점의 니즈를 반영해 단말기도 다양한 형태로 내놨다. 이날 행사에서 새롭게 공개된 단말기 '토스 프론트뷰'는 사용하던 결제 단말기 교체없이 페이스페이를 사용할 수 있도록 지원하는 제품이다. '토스 프론트캠' 역시 기존의 키오스크 상단에 부착해 페이스페이를 활용할 수 있다. '토스프론트' 제품도 페이스페이를 활용할 수 있도록 업데이트할 수 있다. 토스는 개방형 플랫폼인 '앱인토스'를 통해 결제 경험을 한 단계 더 확장한다. 앱인토스는 토스 앱 안에서 온라인 매장을 구현할 수 있도록 지원하는 프로그램이다. 사용자는 앱인토스에서 매장 검색과 예약, 혜택까지 한번에 확인할 수 있다. 현장에서는 페이스페이로 1초 만에 결제한 뒤, 결제 후 자동 적립과 쿠폰 발급, 재방문 예약까지 이어간다. 최근 금융사들의 보안 사고가 이어지고 있는 가운데, 토스는 얼굴인식 결제에 다층 보안 기술 등을 활용해 개인정보 유출을 원천 차단했다고 설명했다. 사내 화이트해커팀을 통해 가능한 보안 취약점을 확인하고 보완하는 과정도 거치고 있다. 최 TPO 는 ""원본을 복구할 수 없도록 암호화해서 저장하고 있기에 해킹이 돼서 유출이 된다고 가정하더라도 원본의 특징점을 복원할 수 없다""며 ""모든 데이터는 망분리 환경에 암호화돼서 저장하기에 전체 시스템을 해킹하는 것이 아니면 원본 데이터 취득이 거의 불가능하다""고 말했다. 이 밖에 페이스페이에는 ▲실제 사람 여부를 확인하는 '라이브니스' ▲얼굴 변화에 강인하고 유사 얼굴을 정밀하게 구분하는 '페이셜 레코그니션 모델' ▲이상거래탐지시스템( FDS ) 등 다양한 보안 기술이 적용됐다. 페이스페이에 대해 개인정보보호위원회의 사전적정성 검토도 받았다. 토스 간편결제 사업을 총괄하는 오규인 부사장은 ""페이스페이는 단순한 결제 수단을 넘어 오프라인 여정 전체를 바꾸는 중요한 연결고리""라며 ""토스앱 사용자 전체가 페이스페이를 사용하게 되는 것을 목표로 삼고 있다""고 말했다."
이억원 “생산부문 자금 공급 금융 과감한 방향 전환 필요”,https://n.news.naver.com/mnews/article/016/0002522972,"국회 정무위원회 인사청문회 금융당국 조직개편 두고 한때 파행 “철거반장이냐” vs “정해지지 않아” 이억원 금융위원장 후보자가 2일 서울 여의도 국회 정무위원회에서 열린 인사청문회에 출석해 있다.  [연합] 이억원 금융위원장 후보자는 2일 “미래를 이끌어 갈 생산적 부문으로의 원활한 자금 공급을 위한 금융 분야의 과감한 방향 전환이 필요하다”고 강조했다. 이 후보자는 이날 국회 정무위원회 인사청문회에서 모두발언을 통해 “지속가능한 성장을 위한 경제 전반의 혁신과 이를 선도하고 뒷받침해 나갈 금융의 역할이 시급한 시점”이라며 이같이 밝혔다. 그는 “무거운 책임감을 가지고 이 자리에 섰다”고 운을 떼고는 “최근 우리 경제는 인구구조의 변화, 생산성 정체 등에 따라 성장잠재력이 저하되는 모습이고 지정학적 리스크, 통상환경의 변화, 높은 가계부채 수준, 주력산업의 경쟁력 저하 등 대내 여건도 녹록지 않다”고 지적했다. 이 후보자는 다섯 가지 정책 방향으로 ▷생산적 영역으로 자금 공급 확대 ▷공정하고 활력 있는 자본시장 조성 ▷취약계층의 과도한 채무 부담 완화와 금융 접근성 확대 ▷금융소비자 보호체계 강화 ▷금융시장 안정 등을 제시하며 “금융위원장이라는 중책을 맡겨 준다면 이러한 여건에 대응해 금융이 제대로 된 역할을 할 수 있도록 정책을 추진해 나가겠다”고 말했다. 이날 청문회에서는 홈플러스 사태, 삼부토건 주가조작 사건, 주식양도세 등 세제 개편, 디지털자산기본법 추진 등 주요 현안에 대한 질의가 이뤄졌다. 이 후보자는 먼저 홈플러스 사태와 관련 금융감독원의 즉각적인 제재가 필요하다는 김남근 더불어민주당 의원의 지적에 “ CP (기업어음), 전단채 문제 같은 경우 사기적 부정행위와 관련해 금감원에서 검찰로 넘겨 검찰에서 수사가 진행이 된 것으로 알고 있고 자본시장법 위반사항에 대해서는 지금 금감원이 조사를 하고 있다”면서도 “아직 수사 중인 사안”이라고 즉답을 피했다. 금감원의 향후 제재 수위에 대해서도 “금감원에서 위법행위의 위중을 보고 어떤 수준을 결정할 것이고 최종적으로는 증권선물위원회에서 그에 상응하는 제재 수준이 결정될 것”이라고만 했다. 그는 삼부토건 주가조작 사건에 대해 “특검에서 수사가 진행 중인 사안이기에 언급하는 것은 적절하지 않다”면서도 “특검에서 결과가 나오면 그 결과에 맞춰 할 일을 다 하겠다. 자본시장의 감시 시스템이 작동해야 결국 사람들이 이런 장난을 치는 게 안 된다고 믿기에 신속 적발을 1단계로 하고 그 취지와 시스템이 얼마나 부합하는지 살펴보겠다”고 했다. 이 후보자는 디지털 금융시장의 주권 확보와 관련해 “새로운 혁신이나 부가가치, 새로운 산업으로 연결될 수 있는 부분을 어떻게 찾아야 할지 잘 새기겠다”면서 “스테이블코인, 이더리움 등을 한국적인 현실에서 대체할 수 있는 것, 블록체인 기술과 관련해 관계부처와 협의해 보도록 하겠다”고 했다. 이 후보자의 강남 아파트 보유도 도마에 올랐다. 그는 갭투자(전세 끼고 매매) 의혹과 관련해 사전에 개발 정보를 입수한 적이 있냐는 박범계 더불어민주당 의원의 질의에 “전혀 없다”면서 “평생 집 한 채였다. 해외에 나갈 때 그동안 모은 돈을 더해 형편에 맞게 두 번 (집을) 옮겼다. 지금 살고 있고 앞으로도 계속 살 것”이라고 답했다. 다만 ‘도덕적 비난 가능성에 대해 다소나마 미안하지는 않나’는 지적에는 “국민 눈높이에서 보면 그런 부분도 있을 수 있다는 점 잘 알고 있다”고 했다. 사외이사 재직 관련 지적에 대해선 “공직자윤리위원회 취업심사를 받아서 근무했다. 중복 근무하지 않았고 보수는 회사의 내부 규제에 따라 받았다”고 설명했다. 이날 청문회는 금융당국 조직개편을 두고 여야 의원이 충돌하면서 한때 파행되기도 했다. 특히 정부조직법 개편안을 오는 25일 본회의에서 처리하는 것으로 뜻을 모았다고 전해지자 야당 의원들은 강하게 반발했다. 여댱 의원들은 25일 본회의 처리 여부가 정해지지 않았으며 정부가 여당을 충분히 설득하는 절차가 있을 것이라고 설명했다. 국회 정무위 국민의힘 간사인 강민국 의원은 이날 이 후보자에 대한 인사청문회에 앞서 “금융위원장 인사청문을 앞두고 바로 전날 금융위 해체안을 논의했다고 하니 도저히 이해할 수 없다”면서 “이억원 후보자가 건물을 철거하기 위해 철거반장으로 온 거냐”고 말했다. 이에 대해 정무위 여당 간사인 강준현 더불어민주당 의원은 “25일 국회 처리하겠다는 일정에 대해 논의하지 않았고 국정기획위 안에 나온 금융위 분리 문제를 다룬 것”이라며 “당장 법이 개정되는 것이 아니고 정무위가 심사하는 절차가 있을 것”이라고 설명했다. 김은희·김벼리 기자"
"이찬진, 롯데카드 해킹에 ""관리소홀로 인한 사고땐 엄정 제재""",https://n.news.naver.com/mnews/article/648/0000039407,"임원회의서 "" CEO 책임 하에 금융보안 전면 재점검"" 롯데카드 해킹사고와 관련해 이찬진 금융감독원장이 ""관리 소홀로 인한 금융보안 사고는 엄정하게 제재할 것""이라고 경고했다. 이찬진 금감원장은 2일 임원회의를 열고 ""롯데카드 사고로 금융시장에 대한 소비자의 불안과 불신이 증폭될 수 있다""면서 "" CEO 책임하에 소비자보호 관점에서 자체 금융보안 관리체계를 전면 재점검하라""고 주문했다. 이찬진 금감원장 이 금감원장은 이날 롯데카드 해킹사고로 발생할 소비자 피해를 최소화해야 한다고도 강조했다. 금감원에는 비상대응체계 가동을, 롯데카드에는 소비자 대응을 지시했다. 금감원은 현장검사를 통해 사고 원인과 피해 규모 등을 점검할 예정이다. 필요시 소비자 유의사항 전파도 실시한다. 롯데카드는 전용 콜센터를 운영하고 이상금융거래 모니터링을 강화한다. 혹시 모를 부정사용 발생 시 피해액 전액을 롯데카드가 보상하는 절차도 마련한다. 아울러 금융소비자가 해킹피해를 직접 차단하는 차원에서 손쉽게 카드 해지 또는 재발급하는 절차를 홈페이지에 별도 안내한다. 이 금감원장은 ""소비자 피해 예방을 최우선으로 해야 한다""면서 ""전자금융거래가 보다 안정적으로 이뤄지도록 신속하고 면밀한 대응에 힘써야 할 것""이라고 말했다. 앞서 롯데카드는 지난달 26일 서버 점검 과정에서 악성코드 감염을 발견해 즉시 전체 서버에 대한 정밀조사를 실시했다. 유출된 데이터는 1.7기가바이트 정도이나 롯데카드에 가입된 967만명의 개인정보 유출은 확인되지 않았다고 밝혔다. 롯데카드는 이 같은 내용을 지난 1일 금감원에 보고했다. 금감원은 금융보안원과 함께 고객정보 유출 여부 등 사실관계 확인에 즉각 착수했다. ▷관련기사: '롯데카드 해킹사고' 금감원 현장검사 …""정보유출 여부 확인중""(2025.09.02)"
"찾아가지 않은 ‘금융자산’ 18.4조원…정부, 금융사에 적극적 환급 독려 나선다",https://n.news.naver.com/mnews/article/138/0002203938,"5대 시중은행 ⓒ각 사 [디지털데일리 박기록기자] 금융소비자가 찾아가지 않은 ‘숨은 금융자산’이 현재 약 18.4조 원인 것으로 추산되지만 환급율은 28.9%에 불과한 것으로 분석됐다. 따라서 금융 당국은 이러한 숨은 금융자산이 금융소비자에게 환급될 수 있도록 금융권의 적극적인 노력이 필요한 상황이라고 강조했다. ‘숨은 금융자산’은 금융소비자가 오랫동안 잊어버리고 찾아가지 않은 금융자산으로 휴면금융자산, 장기미거래 금융자산, 미사용 카드포인트 등을 의미한다. 2일, 금융감독원은 금융소비자가 ‘숨은 금융자산’을 손쉽게 조회하고 찾아갈 수 있도록 조회서비스 제공, 캠페인 등 지속 추진하겠다고 밝혔다. 금감원에 따르면 금융회사(70개사)의 최근 3년간(2022년~2024년) 휴면금융자산 환급률(계좌수 기준)은 평균 28.9% 수준인 것으로 나타났다. 다만 금융업권별 특성에 의해 환급율은 편차를 보였다. 관려하여 신용카드사(78.7%), 손보사(44.1%), 생보사(39.4%), 증권사(20.9%), 은행(8.1%), 저축은행(4.3%) 순으로 환급율이 집계됐다. 아울러 동일업권 내에서도 휴면금융자산에 대한 관리노력 수준 등에 따라 환급율이 큰 폭의 차이를 보이고 있는 것으로나타났다. 은행권의 경우, 광주은행이 26.1%로 환급율이 가장 높았으며 카카오뱅크(15.4%), 국민은행(15.1%) 등으로 나타났다. 은행의 경우 장기 적체된 휴면계좌가 많아 고객 접촉이 원활하지 않고, 계좌당 금액이 크지 않아 소비자도 환급에 다소 소극적인 반면 보험은 계좌당 금액이 커서 소비자가 환급에 적극적이고, 카드사는 고객의 소비활동과 연동돼 있어 사용촉진 등이 용이하다는 분석이다. 금감원은 다만 ""동일한 업권 내에서도 자체 관리노력 수준, 인프라 등에 따라 각 금융회사별 환급률의 편차가 큰 상황""이라며 ""영업점별 환급목표 설정 및 실적관리, 자체 캠페인 실시 등 지속적으로 관리노력을 기울이는 금융회사가 있는 반면, 일부 금융회사는 회사차원의 관리노력이 미흡하고, 비대면 환급신청 인프라가 미구축되어 있는 등 환급 편의성도 낮다""고 지적했다. 이에따라 9월 중 금융위·금융권 공동 ‘숨은 금융자산 찾아주기 캠페인’을 실시해 대국민 홍보 및 환급을 독려할 예정이며, 캠페인을 통한 숨은 금융자산 환급실적을 공개해 금융회사의 환급률 제고를 유도한다는 방침이다."
"중학개미 원픽에 집중투자…하나운용, 1Q 샤오미밸류체인액티브 ETF 신규 상장",https://n.news.naver.com/mnews/article/011/0004528112,"샤오미 편입 비중만 25%에 달해 오는 30일까지 순매수 이벤트 진행 로봇청소기, 버즈 6 프로 등 추첨 [서울경제] 하나자산운용이 샤오미를 중심으로 중국 대표 테크 기업에 집중적으로 투자하는 ‘1Q 샤오미밸류체인액티브' 상장지수펀드( ETF )를 신규 상장한다고 2일 밝혔다. 해당 ETF 는 샤오미 편입 비중만 무려 25%에 달한다. 샤오미 외에도 알리바바, 차이나모바일, 서니옵티컬, 센스타임, ACC 테크놀리지 등 구매부터 생산·운영, 물류, 서비스 등 샤오미 성장에 따라 수혜가 예상되는 밸류체인 종목에도 투자한다. 한국예탁결제원 증권정보포털에 따르면 국내 투자자들은 올해 중국과 홍콩에 상장된 주식 중 샤오미를 가장 많이 순매수했다. 그 뒤는 알리바바, CATL, 유비텍 로보틱스, SMIC 등이 차지했다. 지난달 28일 기준으로 샤오미의 보관 금액은 중국과 홍콩 상장 주식 중 전체 1위에 해당한다. 김태우 하나자산운용 대표는 “샤오미는 특유의 양산 경쟁력과 소프트웨어 기술력을 기반으로 빠른 실적 성장세를 유지하고 있다”며 “중국 정부가 중국제조 2035를 통해 첨단 제조업 육성을 위해 정책적인 지원을 이어 나감에 따라 피지컬 인공지능( AI ) 시대에 샤오미를 비롯한 중국 제조업 기업에 수혜가 될 것으로 기대된다”고 설명했다. 하나자산운용은 1Q 샤오미밸류체인액티브 ETF 출시를 기념해 상장일 당일 2일 오후 6시 30분부터 하나자산운용 공식 유튜브 채널을 통해 상품 소개 온라인 세미나를 진행한다. 세미나에는 75만 자동차 유튜버 ‘모트라인’이 함께 하며 샤오미 YU 7 전기차 시승기에 관한 내용을 다룰 예정이다. 한편 하나운용은 오는 30일까지 샤오미 로봇청소기 X20 맥스, 레드미 버즈 6 프로, 보조배터리 등을 지급하는 순매수 이벤트를 진행한다."
"해외주식 투자 논란에…이억원 ""주식 시장 경험 위해""",https://n.news.naver.com/mnews/article/003/0013456254,"[서울=뉴시스] 고승민 기자 = 이억원 금융위원장 후보자가 2일 서울 여의도 국회에서 열린 정무위원회의 인사청문회에서 관계자와 대화하고 있다. 2025.09.02. kkssmm 99@ newsis.com [서울=뉴시스]우연수 기자 = 이억원 금융위원장 후보자가 2일 국내 증시 부양 의지가 있는 금융 부처 수장이 해외주식에 투자하는 건 적절치 않다는 취지의 지적에 ""시장이 어떻게 작동하는지, 투자 심리는 어떤 것인지 보기 위해서였다""고 해명했다. 이 후보자는 이날 오전 국회 정무위원회 인사청문회에서 김상훈 국민의힘 의원의 지적에 이 같이 답했다. 이 후보자는 ""총 7000만원을 주식에 투자했고 그 중 1100만원을 미국 주식에 투자했다""며 ""나머지는 국내 주식에 투자했고 상장지수펀드( ETF )에도 투자했다""고 설명했다. 또 ""공직 생활 동안 주식을 잘 못했고 나와서 시장 경험하며 주식 시장이 어떻게 작동하는지 (보려 했다)""고 말했다. 이 후보자는 코스피200 지수를 2배로 추종하는 'KODEX 레버리지 ', 'SOL 조선 TOP 3플러스' 등 ETF 투자 비중이 높았고 미국 주식은 가상자산 관련 기업인 스트래티지, 테슬라와 엔비디아 등을 보유하고 있다."
은값 14년 만에 '사상 최고치',https://n.news.naver.com/mnews/article/421/0008461624,(서울=뉴스1) 구윤성 기자 = 금과 은 가격이 급등세를 보이는 2일 서울 종로구 한국금거래소에서 관계자가 실버바를 내보이고 있다. 1일(현지시간) 런던 거래에서 금 선물 가격은 온스당 3475달러로 거래되며 4월 기록한 최고가 3454달러를 넘어섰다. 현물 시장에서 금은 온스당 3489달러까지 상승해 사상 최고치에 단 11달러 차이로 접근했다. 은 가격은 2.6% 상승해 온스당 40.76달러를 기록해 올해 들어서만 40% 넘게 올랐다. 2025.9.2/뉴스1
금값 온스당 3500달러 또 돌파…'사상 최고',https://n.news.naver.com/mnews/article/421/0008461618,(서울=뉴스1) 구윤성 기자 = 금과 은 가격이 급등세를 보이는 2일 서울 종로구 한국금거래소에서 관계자가 골드바를 내보이고 있다. 1일(현지시간) 런던 거래에서 금 선물 가격은 온스당 3475달러로 거래되며 4월 기록한 최고가 3454달러를 넘어섰다. 현물 시장에서 금은 온스당 3489달러까지 상승해 사상 최고치에 단 11달러 차이로 접근했다. 은 가격은 2.6% 상승해 온스당 40.76달러를 기록해 2011년 이후 처음으로 40달러를 돌파했다. 금값 상승은 미국 달러화 약세와 연방준비제도( Fed )의 금리 인하 가능성이 맞물리면서 나타난 것으로 분석된다. 2025.9.2/뉴스1
사상 최고치로 치솟은 금값,https://n.news.naver.com/mnews/article/421/0008461615,(서울=뉴스1) 구윤성 기자 = 금과 은 가격이 급등세를 보이는 2일 서울 종로구 한국금거래소에서 관계자가 골드바를 내보이고 있다. 1일(현지시간) 런던 거래에서 금 선물 가격은 온스당 3475달러로 거래되며 4월 기록한 최고가 3454달러를 넘어섰다. 현물 시장에서 금은 온스당 3489달러까지 상승해 사상 최고치에 단 11달러 차이로 접근했다. 은 가격은 2.6% 상승해 온스당 40.76달러를 기록해 2011년 이후 처음으로 40달러를 돌파했다. 금값 상승은 미국 달러화 약세와 연방준비제도( Fed )의 금리 인하 가능성이 맞물리면서 나타난 것으로 분석된다. 2025.9.2/뉴스1
금리 인하 기대에 금값 '사상 최고치',https://n.news.naver.com/mnews/article/421/0008461616,(서울=뉴스1) 구윤성 기자 = 금과 은 가격이 급등세를 보이는 2일 서울 종로구 한국금거래소에서 관계자가 골드바를 내보이고 있다. 1일(현지시간) 런던 거래에서 금 선물 가격은 온스당 3475달러로 거래되며 4월 기록한 최고가 3454달러를 넘어섰다. 현물 시장에서 금은 온스당 3489달러까지 상승해 사상 최고치에 단 11달러 차이로 접근했다. 은 가격은 2.6% 상승해 온스당 40.76달러를 기록해 2011년 이후 처음으로 40달러를 돌파했다. 금값 상승은 미국 달러화 약세와 연방준비제도( Fed )의 금리 인하 가능성이 맞물리면서 나타난 것으로 분석된다. 2025.9.2/뉴스1
금값이 '금값',https://n.news.naver.com/mnews/article/421/0008461614,(서울=뉴스1) 구윤성 기자 = 금과 은 가격이 급등세를 보이는 2일 서울 종로구 한국금거래소에서 관계자가 골드바를 내보이고 있다. 1일(현지시간) 런던 거래에서 금 선물 가격은 온스당 3475달러로 거래되며 4월 기록한 최고가 3454달러를 넘어섰다. 현물 시장에서 금은 온스당 3489달러까지 상승해 사상 최고치에 단 11달러 차이로 접근했다. 은 가격은 2.6% 상승해 온스당 40.76달러를 기록해 2011년 이후 처음으로 40달러를 돌파했다. 금값 상승은 미국 달러화 약세와 연방준비제도( Fed )의 금리 인하 가능성이 맞물리면서 나타난 것으로 분석된다. 2025.9.2/뉴스1
"은값, 14년 만에 최고",https://n.news.naver.com/mnews/article/421/0008461613,(서울=뉴스1) 구윤성 기자 = 금과 은 가격이 급등세를 보이는 2일 서울 종로구 한국금거래소에서 관계자가 실버바를 내보이고 있다. 1일(현지시간) 런던 거래에서 금 선물 가격은 온스당 3475달러로 거래되며 4월 기록한 최고가 3454달러를 넘어섰다. 현물 시장에서 금은 온스당 3489달러까지 상승해 사상 최고치에 단 11달러 차이로 접근했다. 은 가격은 2.6% 상승해 온스당 40.76달러를 기록해 올해 들어서만 40% 넘게 올랐다. 2025.9.2/뉴스1
은값 사상 최고치,https://n.news.naver.com/mnews/article/421/0008461612,(서울=뉴스1) 구윤성 기자 = 금과 은 가격이 급등세를 보이는 2일 서울 종로구 한국금거래소에서 관계자가 실버바를 내보이고 있다. 1일(현지시간) 런던 거래에서 금 선물 가격은 온스당 3475달러로 거래되며 4월 기록한 최고가 3454달러를 넘어섰다. 현물 시장에서 금은 온스당 3489달러까지 상승해 사상 최고치에 단 11달러 차이로 접근했다. 은 가격은 2.6% 상승해 온스당 40.76달러를 기록해 올해 들어서만 40% 넘게 올랐다. 2025.9.2/뉴스1
금값 온스당 3500달러 돌파…'사상 최고',https://n.news.naver.com/mnews/article/421/0008461611,(서울=뉴스1) 구윤성 기자 = 금과 은 가격이 급등세를 보이는 2일 서울 종로구 한국금거래소에서 관계자가 골드바를 내보이고 있다. 1일(현지시간) 런던 거래에서 금 선물 가격은 온스당 3475달러로 거래되며 4월 기록한 최고가 3454달러를 넘어섰다. 현물 시장에서 금은 온스당 3489달러까지 상승해 사상 최고치에 단 11달러 차이로 접근했다. 은 가격은 2.6% 상승해 온스당 40.76달러를 기록해 2011년 이후 처음으로 40달러를 돌파했다. 금값 상승은 미국 달러화 약세와 연방준비제도( Fed )의 금리 인하 가능성이 맞물리면서 나타난 것으로 분석된다. 2025.9.2/뉴스1
"금 선물, 4개월 만에 최고치",https://n.news.naver.com/mnews/article/421/0008461610,(서울=뉴스1) 구윤성 기자 = 금과 은 가격이 급등세를 보이는 2일 서울 종로구 한국금거래소에서 관계자가 골드바를 내보이고 있다. 1일(현지시간) 런던 거래에서 금 선물 가격은 온스당 3475달러로 거래되며 4월 기록한 최고가 3454달러를 넘어섰다. 현물 시장에서 금은 온스당 3489달러까지 상승해 사상 최고치에 단 11달러 차이로 접근했다. 은 가격은 2.6% 상승해 온스당 40.76달러를 기록해 2011년 이후 처음으로 40달러를 돌파했다. 금값 상승은 미국 달러화 약세와 연방준비제도( Fed )의 금리 인하 가능성이 맞물리면서 나타난 것으로 분석된다. 2025.9.2/뉴스1
"은값, 40년 만에 최고치",https://n.news.naver.com/mnews/article/421/0008461609,(서울=뉴스1) 구윤성 기자 = 금과 은 가격이 급등세를 보이는 2일 서울 종로구 한국금거래소에서 관계자가 실버바를 내보이고 있다. 1일(현지시간) 런던 거래에서 금 선물 가격은 온스당 3475달러로 거래되며 4월 기록한 최고가 3454달러를 넘어섰다. 현물 시장에서 금은 온스당 3489달러까지 상승해 사상 최고치에 단 11달러 차이로 접근했다. 은 가격은 2.6% 상승해 온스당 40.76달러를 기록해 올해 들어서만 40% 넘게 올랐다. 2025.9.2/뉴스1
'금값이 너무해',https://n.news.naver.com/mnews/article/421/0008461608,(서울=뉴스1) 구윤성 기자 = 금과 은 가격이 급등세를 보이는 2일 서울 종로구 한국금거래소에서 관계자가 골드바를 내보이고 있다. 1일(현지시간) 런던 거래에서 금 선물 가격은 온스당 3475달러로 거래되며 4월 기록한 최고가 3454달러를 넘어섰다. 현물 시장에서 금은 온스당 3489달러까지 상승해 사상 최고치에 단 11달러 차이로 접근했다. 은 가격은 2.6% 상승해 온스당 40.76달러를 기록해 2011년 이후 처음으로 40달러를 돌파했다. 금값 상승은 미국 달러화 약세와 연방준비제도( Fed )의 금리 인하 가능성이 맞물리면서 나타난 것으로 분석된다. 2025.9.2/뉴스1
"은값, 올들어 40% 넘게 올라",https://n.news.naver.com/mnews/article/421/0008461607,(서울=뉴스1) 구윤성 기자 = 금과 은 가격이 급등세를 보이는 2일 서울 종로구 한국금거래소에서 관계자가 실버바를 내보이고 있다. 1일(현지시간) 런던 거래에서 금 선물 가격은 온스당 3475달러로 거래되며 4월 기록한 최고가 3454달러를 넘어섰다. 현물 시장에서 금은 온스당 3489달러까지 상승해 사상 최고치에 단 11달러 차이로 접근했다. 은 가격은 2.6% 상승해 온스당 40.76달러를 기록해 올해 들어서만 40% 넘게 올랐다. 2025.9.2/뉴스1
돌반지 안 판 사람이 승자…금값 4개월만에 또 최고치,https://n.news.naver.com/mnews/article/421/0008461606,(서울=뉴스1) 구윤성 기자 = 금과 은 가격이 급등세를 보이는 2일 서울 종로구의 한 귀금속 상점에 금 제품이 진열돼 있다. 1일(현지시간) 런던 거래에서 금 선물 가격은 온스당 3475달러로 거래되며 4월 기록한 최고가 3454달러를 넘어섰다. 현물 시장에서 금은 온스당 3489달러까지 상승해 사상 최고치에 단 11달러 차이로 접근했다. 은 가격은 2.6% 상승해 온스당 40.76달러를 기록해 2011년 이후 처음으로 40달러를 돌파했다. 금값 상승은 미국 달러화 약세와 연방준비제도( Fed )의 금리 인하 가능성이 맞물리면서 나타난 것으로 분석된다. 2025.9.2/뉴스1
연봉 1억 은행원들…“주4.5일제 원해” 총파업 예고,https://n.news.naver.com/mnews/article/005/0001799607,"주4.5일제·임금 5% 인상·신규 채용 확대·정년 연장 요구 “주5일제처럼 금융산업이 먼저 변화 이끌어야” 전국금융산업노동조합이 주4.5일제 등을 요구하며 총파업에 들어가겠다고 예고했다. 다만 평균 연봉이 1억원이 넘는 은행원들의 근무시간 단축 요구에 여론은 부정적이다. 2일 금융권에 따르면 금융노조는 이날 전체 조합원 쟁의행위 찬반투표 결과 찬성이 94.98%로 집계됐다고 밝혔다. 이에 금융노조는 16일 총력 투쟁 결의대회를 열고 26일부터 총파업에 나설 예정이다. 파업이 예고대로 시행되면 시중은행과 산업은행, 신용보증기금, 한국자산관리공사(캠코) 등 금융노조 소속 노조원들은 업무를 중단하게 된다. 다만 산별 중앙교섭이 진행 중인 만큼 합의가 이뤄지면 실제 파업으로 이어지지 않을 가능성도 있다. 금융노조의 요구안은 임금 5% 인상, 주4.5일제 전면 도입, 신규 채용 확대, 정년 연장 등이다. 금융노조는 2002년 주5일제 도입이 금융권을 중심으로 도입된 만큼 주4.5일제 또한 선제적으로 시행해야 한다고 주장한다. 저출산 해결을 위해서도 주4.5일제 도입이 필요하다는 게 금융노조의 설명이다. 금융노조는 지난해에도 주4.5일제 도입을 요구했는데, 당시에는 지방에 방문할 시간이 늘어나 지방 소멸 위기 해결이 가능하다고 주장했다. 김형선 금융노조 위원장은 “지난 5년간 765개 점포가 폐쇄되고 7000명이 넘는 인력이 줄어든 현실에서 그 부담은 고스란히 현장 노동자들에게 전가됐다”며 “임금인상률은 물가 상승을 따라가지 못했고, 신규 채용 확대 약속도 지켜지지 않았다. 이번 압도적인 투표 결과는 이런 구조적 문제와 노동환경 악화에 대한 현장의 분노가 결집된 결과”라고 했다. 그러면서 “금융노조가 요구하는 주4.5일제는 금융산업 노동자들만을 위한 제도가 아니라 일과 삶의 균형을 회복하고 사회 전반의 행복을 높이기 위한 변화의 시작”이라며 “94.98%라는 높은 찬성률은 우리 사회 전체가 더 나은 노동환경과 삶의 질을 바라는 열망을 반영한 것”이라고 강조했다. 다만 금융노조의 파업 예고를 바라보는 외부의 시각은 긍정적이지 않다. 평균 연봉 1억원에 달하는 이들의 근무시간 단축 요구가 과하다는 지적이다. 은행연합회에 따르면 지난해 5대 시중은행의 1인당 근로소득은 1억1490만원이었다. 은행권의 파업 요구가 빈번하다는 점 또한 비판의 목소리가 나오는 대목이다. 금융노조는 지난해에도 출근 시간을 30분 늦춰 달라며 영업시간 조정을 요구, 총파업을 예고했다. 당시 파업 찬성률은 95%였다. 그러나 노사가 일부 근무 조건 개선에 합의하면서 예정했던 파업을 직전에 철회했다."
"이억원, 국장보다 미장 투자 지적에 ""시장 경험 위해""",https://n.news.naver.com/mnews/article/018/0006105130,"금융위원장 후보자 인사청문회 [이데일리 김국배 기자] 이억원 금융위원장 후보자는 2일 미국 주식 투자와 관련해 “시장이 어떻게 작동하는지, 투자 심리는 어떤 것인지 보기 위해서였다”고 말했다. 인사청문회에서 의원 질의듣는 이억원 금융위원장 후보자. (사진=연합뉴스) 이날 국회 정무위원회 인사청문회에서 이 후보자의 미국 주식 투자와 관련한 질의가 나왔다. 김상훈 국민의힘 의원이 국내 증시를 부양해야 할 금융당국 수장이 국내 주식보다 미국 주식에 투자하는 것이 적절한지 질의했다. 이에 이 후보자는 “총 7000만원을 주식에 투자했고, 그중 1100만원을 미국 주식에 투자했다”며 “나머지는 다 국내 주식에 투자했고, 상장지수펀드( ETF )도 투자했다”고 했다. 그러면서 “공직 생활 동안 주식을 잘 못했고, 나와서 시장을 경험하며 주식 시장이 어떻게 작동되는지 이론을 (배우고자 했다)”고 말했다. 앞서 국회에 제출된 이 후보자의 인사청문 요청안에 따르면 이 후보자는 주식, 펀드 등 총 투자 금액은 총 7126만원이었다. 두산에너빌리티를 비롯해 코스피200지수를 2배로 추종하는 코덱스 레버리지, SOL 조선 TOP 3플러스 ETF 등 상장지수펀드( ETF ), 스트래티지·테슬라·엔비디아 등 미국 주식을 보유한 것으로 나타났다."
"이억원 금융위원장 후보자 “MBK, 위법행위 상응하는 제재 결정될 것”",https://n.news.naver.com/mnews/article/016/0002522958,"국회 정무위원회 인사청문회 “생산적 금융 위한 방향 전환 필요” 자본시장 활력 등 5개 정책 방향 제시 홈플러스 사태·삼부토건 사건 등 질의 금융당국 조직개편 두고 파행 일기도 “철거반장이냐” vs “정해지지 않아” 이억원 금융위원장 후보자가 2일 국회 정무위원회에서 열린 인사청문회에 출석해 의원 질의에 답하고 있다. [연합] [헤럴드경제=김은희·김벼리 기자] 이억원 금융위원장 후보자는 2일 “미래를 이끌어 갈 생산적 부문으로의 원활한 자금 공급을 위한 금융 분야의 과감한 방향 전환이 필요하다”고 강조했다. 이 후보자는 이날 국회 정무위원회 인사청문회에서 모두발언을 통해 “지속가능한 성장을 위한 경제 전반의 혁신과 이를 선도하고 뒷받침해 나갈 금융의 역할이 시급한 시점”이라며 이같이 밝혔다. 그는 “무거운 책임감을 가지고 이 자리에 섰다”고 운을 떼고는 “최근 우리 경제는 인구구조의 변화, 생산성 정체 등에 따라 성장잠재력이 저하되는 모습이고 지정학적 리스크, 통상환경의 변화, 높은 가계부채 수준, 주력산업의 경쟁력 저하 등 대내 여건도 녹록지 않다”고 지적했다. 이 후보자는 다섯 가지 정책 방향으로 ▷생산적 영역으로 자금 공급 확대 ▷공정하고 활력 있는 자본시장 조성 ▷취약계층의 과도한 채무 부담 완화와 금융 접근성 확대 ▷금융소비자 보호체계 강화 ▷금융시장 안정 등을 제시하며 “금융위원장이라는 중책을 맡겨 준다면 이러한 여건에 대응해 금융이 제대로 된 역할을 할 수 있도록 정책을 추진해 나가겠다”고 말했다. 이날 청문회에서는 홈플러스 사태, 삼부토건 주가조작 사건, 주식양도세 등 세제 개편, 디지털자산기본법 추진 등 주요 현안에 대한 질의가 이뤄졌다. 이 후보자는 먼저 홈플러스 사태와 관련 금융감독원의 즉각적인 제재가 필요하다는 김남근 더불어민주당 의원의 지적에 “ CP (기업어음), 전단채 문제 같은 경우 사기적 부정행위와 관련해 금감원에서 검찰로 넘겨 검찰에서 수사가 진행이 된 것으로 알고 있고 자본시장법 위반사항에 대해서는 지금 금감원이 조사를 하고 있다”면서도 “아직 수사 중인 사안”이라고 즉답을 피했다. 금감원의 향후 MBK 파트너스 제재 수위에 대해서도 “금감원에서 위법행위의 위중을 보고 어떤 수준을 결정할 것이고 최종적으로는 증권선물위원회에서 그에 상응하는 제재 수준이 결정될 것”이라고만 했다. 그는 삼부토건 주가조작 사건에 대해 “특검에서 수사가 진행 중인 사안이기에 언급하는 것은 적절하지 않다”면서도 “특검에서 결과가 나오면 그 결과에 맞춰 할 일을 다 하겠다. 자본시장의 감시 시스템이 작동해야 결국 사람들이 이런 장난을 치는 게 안 된다고 믿기에 신속 적발을 1단계로 하고 그 취지와 시스템이 얼마나 부합하는지 살펴보겠다”고 했다. 이 후보자는 디지털 금융시장의 주권 확보와 관련해 “새로운 혁신이나 부가가치, 새로운 산업으로 연결될 수 있는 부분을 어떻게 찾아야 할지 잘 새기겠다”면서 “스테이블코인, 이더리움 등을 한국적인 현실에서 대체할 수 있는 것, 블록체인 기술과 관련해 관계부처와 협의해 보도록 하겠다”고 했다. 이양수 국민의힘 의원이 이 후보자가 기획재정부 차관 시절 당시 코로나19(신종 코로나바이러스감염증) 5차 재난지원금 전 국민 지급을 반대한 것을 언급하며 정부의 민생회복 소비쿠폰 지급의 적절성을 지적한 데 대해서는 “지금 지원금도 그 취지와 같이 가는 맥락이 있다”고 했다. 그는 “경제가 아무리 어려워도 4분기 연속해서 (경제성장률이) 0.1% 이하로 내려가는 경우를 본 적은 없다”면서 “이 정도의 경제침체에는 적극적인 경기 대응을 통해 경제의 기력을 회복시키는 것이 나중에 우리 경제가 진짜로 도약하는 데 밑받침이 되기 때문에 필요성은 있다”고 덧붙였다. 이 후보자의 강남 아파트 보유도 도마에 올랐다. 그는 갭투자(전세 끼고 매매) 의혹과 관련해 사전에 개발 정보를 입수한 적이 있냐는 박범계 더불어민주당 의원의 질의에 “전혀 없다”면서 “평생 집 한 채였다. 해외에 나갈 때 그동안 모은 돈을 더해 형편에 맞게 두 번 (집을) 옮겼다. 지금 살고 있고 앞으로도 계속 살 것”이라고 답했다. 다만 ‘도덕적 비난 가능성에 대해 다소나마 미안하지는 않나’는 지적에는 “국민 눈높이에서 보면 그런 부분도 있을 수 있다는 점 잘 알고 있다”고 했다. 사외이사 재직 관련 지적에 대해선 “공직자윤리위원회 취업심사를 받아서 근무했다. 중복 근무하지 않았고 보수는 회사의 내부 규제에 따라 받았다”고 설명했다. 이날 청문회는 금융당국 조직개편을 두고 여야 의원이 충돌하면서 한때 파행되기도 했다. 정부와 여당이 전날 금융위 해체 등을 담은 정부조직 개편안을 두고 진행한 당정협의회가 발단이 됐다. 특히 정부조직법 개편안을 오는 25일 본회의에서 처리하는 것으로 뜻을 모았다고 전해지자 야당 의원들은 강하게 반발했다. 열흘 남짓 일할 금융위원장 청문회를 진행하는 것이 부적절하다는 주장이다. 여댱 의원들은 25일 본회의 처리 여부가 정해지지 않았으며 정부가 여당을 충분히 설득하는 절차가 있을 것이라고 설명했다. 국회 정무위 국민의힘 간사인 강민국 의원은 이날 이 후보자에 대한 인사청문회에 앞서 “금융위원장 인사청문을 앞두고 바로 전날 금융위 해체안을 논의했다고 하니 도저히 이해할 수 없다”면서 “이억원 후보자가 건물을 철거하기 위해 철거반장으로 온 거냐”고 말했다. 이에 대해 정무위 여당 간사인 강준현 더불어민주당 의원은 “25일 국회 처리하겠다는 일정에 대해 논의하지 않았고 국정기획위 안에 나온 금융위 분리 문제를 다룬 것”이라며 “당장 법이 개정되는 것이 아니고 정무위가 심사하는 절차가 있을 것”이라고 설명했다. 이 후보자는 금융당국 개편안 질의에 대해 말을 아꼈다. 그는 “가정에 기반해 말을 하거나 논의를 하는 것 자체가 적절하지 않다”면서 “만약 내용이 공개되고 저에게 의견을 피력할 기회가 생기면 필요할 때 필요한 이야기를 하겠다”고 말했다. 전날 정무위 민주당 의원은 정부, 대통령실과 금융위 해체 등을 담은 경제부처 조직 개편안을 논의했다. 개편안은 금융위의 국내 금융정책 기능을 기획재정부로 이관해 재정경제부로 통합하고 금융감독 기능은 금융감독원과 합쳐 금융감독위원회로 개편해 사실상 금융위를 해체하는 것을 골자로 한다."
"""가뭄 피해 지원""...우리금융, 강릉에 2L 생수 20만병 기부",https://n.news.naver.com/mnews/article/014/0005400348,사회복지공동모금회를 통해 지원 생활용수난 해소·취약계층 우선 공급 우리금융그룹 사옥. 우리금융그룹 제공 [파이낸셜뉴스] 우리금융그룹이 극심한 가뭄으로 생활에 큰 불편을 겪고 있는 강릉시에 2L 생수 20만병을 긴급 지원했다고 2일 밝혔다. 생수는 대한적십자사를 통해 강릉시청에 전달된다. 강릉시는 긴급 생활용수로 지역 취약계층에 우선 공급할 계획이다. 우리금융은 그 동안 국내 재난·재해가 발생할 때마다 선제적으로 구호 활동에 나서 기업의 사회적 책임을 실천해 왔다. 현재 강릉시 가뭄 피해 상황을 지속적으로 모니터링하고 있다. 필요 시 추가 지원도 계획하고 있다. 임종룡 우리금융그룹 회장은 “오봉저수지 저수율이 15% 이하로 떨어지는 등 강릉시 지역 주민 생활의 어려움이 가중되고 있어 일상생활 지원을 위해 생수를 긴급하게 기부했다”며 “우리금융은 사회적 책임을 다하기 위해 노력을 아끼지 않을 것”이라고 밝혔다. 한편 우리금융은 △2023년 강릉 산불 피해 지원 △2023년 수해 피해 지원 △2025년 경남 산청·경북 의성 산불 피해 지원 △2025년 전국 수해 피해 지원 등 약 40억원을 기부하는 사회공헌 활동을 적극적으로 펼쳐나가고 있다.
"Sh수협은행, 서대구지점 초역세권 핵심상권 두류네거리로 이전",https://n.news.naver.com/mnews/article/277/0005645673,"유동인구 풍부한 두류네거리 중심상권, 고객 접근성·편의성 증대 ""지역밀착 마케팅, 주민·소상공인·기업인과 동반성장할 것"" 2일 Sh 수협은행 서대구지점 이전 및 오픈 기념행사에서 도문옥 경영전략그룹 수석부행장(가운데) 등 주요 내외빈들이 기념촬영을 하고 있다. Sh 수협은행 Sh 수협은행이 서대구지점을 이전하고 오픈 기념행사를 가졌다고 2일 밝혔다. 새롭게 이전한 서대구지점은 대구 서구와 달서구의 경계지점인 두류네거리에 자리잡아 가시성이 우수하다. 또 지하철 2호선 두류역과 연결되는 초역세권에 여유있는 주차공간을 확보해 도보 고객과 차량이용 고객 모두 편리하게 영업점을 방문할 수 있다. 서대구지점 배후에는 대단위 아파트 단지와 종합쇼핑몰, 스트리트몰 등 각종 생활·상업시설이 밀집해 있어 유동인구가 풍부하고 두류역자이, 두류스타힐스 등 신규 단지도 입주가 진행되고 있어 안정적 기반고객 확대가 가능할 것으로 전망된다. Sh 수협은행 관계자는 ""그동안 건물노후에 따른 영업점 편의공간 부족, 주차공간 부족 등으로 불편함을 겪었던 고객님들께 더 나은 환경과 편리한 서비스를 제공해 드리고자 이전을 추진했다""며 ""점주권 내에 대단지 아파트와 상업시설이 밀집해 있는만큼 신규고객 창출과 우량고객 증대, 비이자이익 확대 등에 역량을 집중할 방침""이라고 밝혔다. 한편, 이날 이전 오픈 기념행사에는 도문옥 Sh 수협은행 경영전략그룹 수석부행장과 서대구지점 우수고객, 경북지역 수협 조합장 등 주요 내외빈이 참석해 서대구지점의 성공적 이전과 새로운 출발을 축하했다. 도문옥 수석부행장은 ""서대구지점이 지역밀착 마케팅과 상생형 금융서비스를 통해 지역 주민, 중소상공인, 기업인과 함께 동반성장하는 랜드마크로 자리매김해주길 기대한다""고 말했다."
"센트비, 필리핀 송금 플랫폼 지캐시 프로모션 진행",https://n.news.naver.com/mnews/article/030/0003346263,"센트비 센트비(대표 최성욱)가 한국에서 필리핀으로 지캐시를 이용해 송금하는 고객들을 대상으로 오는 30일까지 프로모션을 진행한다. 지캐시는 송금·결제·대출·투자 등 다양한 금융 서비스를 하나의 플랫폼에서 제공하는 필리핀 최대 디지털 금융 앱이다. 센트비는 이번 프로모션을 시작으로 지캐시 송금 고객에게 업계 최저 수준의 수수료를 적용해 한국에서 필리핀으로의 송금 시 고객이 누리는 서비스 혜택을 한층 강화했다. 이번 프로모션은 여행객, 단기 거주자, 유학생 학부모 등 필리핀으로 송금이 필요한 고객들이 센트비의 지캐시 수취 옵션을 통해 간편하고 신속한 해외 송금을 경험할 수 있도록 마련됐다. 9월 한 달간 센트비 앱에서 필리핀으로 송금 시, 송금 받는 방법을 지캐시로 선택하고 송금을 완료하면 자동으로 이벤트에 응모된다. 추첨을 통해 총 700명에게 백화점 상품권 편의점 쿠폰, 송금 수수료 무료 쿠폰 등을 제공한다. 센트비 관계자는 “센트비 앱에서 지캐시로 송금 시 수취인의 휴대폰 번호와 영문 이름만 입력하면 간단히 송금 신청이 완료된다”며 “이번 프로모션은 고객들이 업계 최저 수수료로 센트비의 빠르고 안전한 해외 송금을 경험할 수 있는 기회인 만큼 많은 고객들의 참여를 기대한다”고 말했다."
"토스, 오프라인 결제사업 속도…""연말까지 가입자 수백만명 확보 목표""(종합)",https://n.news.naver.com/mnews/article/277/0005645670,"앱 등록해두면 1초 내 결제…촬영 어려울 정도로 빨라 ""가상자산 서비스 도입, 당국규제 속도·방향 맞춰 추진"" ""고객이미지 원본 암호화해 관리…마케팅활용 계획없어"" 토스가 얼굴결제 서비스 '토스 페이스페이'를 정식 출범하며 오프라인 시장 주도권을 잡을 거라고 선언했다. 누적 3000만명에 달하는 토스 애플리케이션 가입자를 최대한 흡수해 현 40만명 수준인 유저 수를 연말까지 수백만명으로 늘리는 게 목표라고 밝혔다. 토스 페이스페이 결제를 체험하는 모습. 결제까지 1초도 안 걸렸으며 속도가 너무 빨라 기자 얼굴을 승인하는 보도 사진을 찍기가 어려웠다. 문채석 기자 페이스페이는 얼굴과 결제 수단을 토스 애플리케이션에 등록하면 매장에서 단말기를 바라보기만 해도 결제가 이뤄지는 서비스다. 토스는 단순한 단말기 보급을 넘어 오프라인 결제의 새로운 표준을 세운다는 목표를 세웠다. 편의점, 카페, 식당, 영화관, 패션·뷰티·가전 매장 등 다양한 업종과의 협업도 예고했다. 기자가 체험해보니 미리 토스 앱에 사진을 등록해두면 단말기가 얼굴을 인식해 1초 이내에 결제 가능했다. 결제 속도가 너무 빨라 얼굴을 인식하는 과정을 보도 사진에 담기가 어려울 정도였다. 카드, 현금, 휴대폰을 꺼낼 필요가 없었다. 오규인 토스 부사장이 2일 서울 강남구 에스제이쿤스트할레에서 열린 토스 페이스페이 기자간담회에서 '페이스페이, 이제 확산으로'를 주제로 발표하고 있다. 문채석 기자 토스 페이스페이는 빠른 속도로 확산하고 있다. 가입자는 지난 3월 시범 운영을 시작한 지 6개월 만에 40만명을 돌파했다. 토스는 올해 30만개, 내년 100만개 매장으로 가맹점을 늘린다는 목표를 세웠다. 이를 통해 신한카드·네이버페이 등 경쟁사를 앞서 오프라인 얼굴 결제 시장 주도권을 강화한다는 전략이다. 토스의 결제 단말기·판매시점정보관리시스템( POS ·포스) 솔루션 자회사 토스플레이스가 단말기 보급을 맡는다. 토스는 이날 행사에서 '토스 프론트뷰 ', '토스 프론트캠' 2종을 새롭게 공개하며 기존 대표 단말기 '토스 프론트'와 함께 라인업을 확대했다. 매장 환경에 맞는 다양한 선택지를 제공해 페이스페이 확산을 가속화한다는 구상이다. '토스 프론트'는 페이스페이를 포함한 모든 간편결제를 지원하는 범용 단말기다. '프론트뷰'는 기존 단말기를 교체하지 않고 추가 설치만으로 페이스페이를 지원하며, '프론트캠'은 키오스크 상단에 부착해 기존 환경에서도 서비스 이용이 가능하다. 토스는 결제 단말기 보급과 더불어 '앱인토스'라는 개방형 플랫폼도 선보였다. 앱인토스는 토스 앱 안에서 매장 검색, 예약, 혜택 확인이 가능하며, 현장에서는 페이스페이로 1초 만에 결제할 수 있다. 결제 후에는 자동 적립·쿠폰 발급·재방문 예약까지 연계된다. 오 부사장은 ""단말기를 보급하는 토스플레이스, 매장별 서비스를 제공하는 앱인토스, 그리고 페이스페이까지 유기적으로 결합해 이용자의 오프라인 결제 경험을 하나로 잇게 될 것""이라고 설명했다. 최준호 토스 테크니컬 프로덕트 오너( TPO )가 2일 서울 강남구 에스제이쿤스트할레에서 열린 토스 페이스페이 기자간담회에서 '결제에서 경험하는 토스의 혁신'을 주제로 발표하고 있다. 문채석 기자 토스는 보안 문제는 걱정할 필요 없다고 선을 그었다. 실제 사람 여부를 확인하는 '라이브니스 ', 얼굴 변화를 인식하는 '페이셜 레코그니션 모델 ', 이상 거래를 탐지하는 FDS 등 다양한 보안 기술을 탑재했다고 했다. 개인정보보호위원회 사전적정성 검토를 통과한 유일한 얼굴 인식 결제 서비스라고 강조했다. 모든 데이터는 망 분리 환경에서 암호화해 관리하며, 부정 결제가 발생할 경우 선제적으로 보상하는 제도를 운영한다. 설령 외부로부터 해킹당해도 고객 정보가 유출되지 않도록 암호화해 관리한다고 했다. 최준호 토스 테크니컬 프로덕트 오너( TPO )는 ""고객이 처음 가입할 때 등록한 원본 이미지를 복호화할 수 없도록 원본 정보를 고스란히 저장하지 않고 '암호화'해 관리한다""며 ""모든 데이터망을 분리한 만큼 토스의 전체 시스템을 해킹하지 않는 이상 고객 원본 데이터 유출은 불가능한 구조""라고 설명했다. 이어 ""고객 동의를 받아야만 이미지를 마케팅에 활용할 수 있는데, 그럴 계획도 없다""고 덧붙였다. 가상자산 결제 지원 서비스 도입은 금융당국 규제 속도와 방향에 맞춰 신중하게 추진할 방침이다. '네이버페이 등 후발주자가 얼굴 결제 체계에 가상자산 결제 지원 서비스를 포함하려 한다'는 질문을 받은 오 부사장은 ""국가에서 (가상자산) 법제화를 주도하는 것으로 안다""며 ""저희(토스)도 그에 발맞춰 (가상자산 지원 체계를) 도입할 계획이 있다""고 답했다."
"우리금융, 가뭄피해 강릉에 ‘2L 생수 20만병’ 기부",https://n.news.naver.com/mnews/article/029/0002979625,"[우리금융그룹 제공] 우리금융그룹이 극심한 가뭄으로 생활에 큰 불편을 겪고 있는 강릉시에 2L 생수 20만병을 긴급 지원했다고 2일 밝혔다. 이번에 전달된 생수는 대한적십자사를 통해 강릉시청에 전달돼, 긴급 생활용수 등 다양한 용도로 지역 취약계층에 우선적으로 공급할 계획이다. 우리금융은 그 동안 국내 재난·재해가 발생할 때마다 선제적으로 구호 활동에 나서 기업의 사회적 책임을 실천해 왔다. 현재 강릉시 가뭄 피해 상황을 지속적으로 모니터링하고 있으며, 필요시 추가적인 지원도 할 예정이다. 임종룡 우리금융 회장은 “오봉저수지 저수율이 15% 이하로 떨어지는 등 강릉시 지역 주민 생활의 어려움이 가중되고 있어 일상생활 지원을 위해 생수를 긴급하게 기부했다”며 “우리금융은 사회적 책임을 다하기 위해 노력을 아끼지 않을 것”이라고 밝혔다. 우리금융은 △2023년 강릉 산불 피해 지원 △2023년 수해 피해 지원 △2025년 경남 산청·경북 의성 산불 피해 지원 △2025년 전국 수해 피해 지원 등 약 40억원을 기부하는 사회공헌 활동을 적극적으로 펼쳐나가고 있다."
"“1초 만에 얼굴로 결제”...토스페이, 결제 패러다임 바꿀까",https://n.news.naver.com/mnews/article/243/0000084055,"연내 30만, 2026년까지 100만 매장 목표 ""100% 국내 기술로 얼굴 결제 시장 선도"" 토스는 2일 서울시 강남구 에스제이쿤스트할레에서 기자간담회를 열고, 페이스페이 주요 기술과 시범 운영 성과, 향후 비즈니스 전략을 소개하고 전용 단말기 라인업을 새롭게 공개했다. 사진은 토스 오규인 부사장(토스페이 사업 총괄)이 발표하는 모습. [사진 토스] [이코노미스트 송현주 기자] “이제 현금, 카드를 꺼내거나 휴대폰 앱을 실행할 필요 없이 단말기가 얼굴을 인식해 단 1초 만에 빠르고 자연스러운 결제가 가능해집니다.” 토스가 얼굴 인식 기반 결제 서비스 ‘페이스페이’로 오프라인 금융 혁신에 속도를 내고 있다. 서비스 가입자가 40만명을 돌파하며 서울 전역 2만개 매장에서 사용이 가능해졌고, 전국 단위 확산도 본격화된다. 단순한 결제 수단을 넘어 신분 인증·티켓 검증·성인 인증까지 생활 전반으로 확장할 수 있다는 점에서, 페이스페이는 기존 NFC (근거리무선통신)·모바일 결제와 차별화된 경쟁력을 갖췄다는 평가다. 토스는 오는 2026년까지 100만 가맹점을 목표로, ‘무(無)소지·1초 결제’라는 경험을 앞세워 오프라인 결제 시장의 패러다임을 바꾸겠다는 전략을 내놨다. 토스 페이스페이는 단말기 화면을 터치한 뒤 얼굴 인식만으로 결제가 이뤄진다. 사진은 토스 페이스페이로 음료를 주문하는 모습. [사진 송현주 기자] “단말기 바라보면 단 1초 만에 결제” 토스는 2일 서울시 강남구 에스제이쿤스트할레에서 기자간담회를 열고, 페이스페이 주요 기술과 시범 운영 성과, 향후 비즈니스 전략을 소개하고 전용 단말기 라인업을 새롭게 공개했다. 페이스페이는 얼굴과 결제 수단을 토스 앱에 미리 등록하면 매장에서 단말기를 바라보는 것만으로 1초 만에 결제가 완료되는 서비스다. 토스 프론트가 있는 곳이라면 페이스페이로 결제할 수 있다. 토스 앱 페이스페이 메뉴의 ‘결제 가능 매장’을 통해 내 주변에 있는 페이스페이 결제 가능 매장을 지도로 확인할 수도 있다. 페이스페이를 지원하는 매장에서 “토스 페이스페이로 결제할게요”라고 말한 뒤, 토스 프론트에 설치된 카메라가 얼굴을 인식하고, 등록된 결제 수단으로 자동 결제가 이뤄진다. 이 과정에서 토스 앱은 따로 열지 않아도 된다. 토스 측은 페이스페이가 쌍둥이거나 성형수술을 한 경우에도 동일인 식별이 가능하다고 설명했다. 일상적인 외모 변화는 인식에 영향을 주지 않지만, 모자나 안경처럼 눈·눈썹을 과도하게 가리는 경우에는 인식이 지연될 수 있다. 토스 최준호 TPO ( Technical Product Owner )가 발표하는 모습. [사진 토스] 누적 가입자 40만명 돌파...재이용률 60% 수준 페이스페이는 지난 3월 시범 운영을 시작한 뒤 2개월 만에 서울 전역 2만 개 매장으로 확산됐다. 8월 기준 누적 가입자는 40만명 이상, 한 달 내 재이용률은 60% 수준이다. GS 25·세븐일레븐 등 편의점 3사 외에도 카페·외식·영화관·패션·뷰티·가전 매장으로 협업 범위를 넓히며 생활 전반으로 진입하고 있다. 페이스페이 개발을 이끄는 토스 최준호 TPO ( Technical Product Owner )는 “편리함만큼이나 보안을 최우선으로 삼고 있다”며 “또 결제 과정에서 본인 확인이나 성인 인증까지 자연스럽게 이어질 수 있도록 고도화해 오프라인 경험이 더욱 간결해질 수 있도록 할 것”이라고 말했다. 실제 페이스페이에는 ▲실제 사람 여부를 확인하는 '라이브니스( Liveness )' ▲얼굴 변화에 강인하고 유사 얼굴을 정밀하게 구분하는 '페이셜 레코그니션 모델( Facial Recognition Model )’ ▲이상거래탐지시스템( FDS, Fraud Detection System ) 등 다층 보안 기술이 적용됐다. 또 고유식별정보·안면식별정보를 법적 요건에 맞춰 안전하게 처리하며, 모든 데이터는 망 분리 환경에서 암호화해 관리한다. 부정 결제 발생 시에는 선제적 보상 제도를 적용한다. 페이스페이 확산을 위한 하드웨어 기반도 갖췄다. 결제 단말기· POS 솔루션 자회사 토스플레이스가 단말기 보급을 맡고 있으며, 이번 행사에서 새로운 단말기 2종을 공개했다. ▲토스 프론트(페이스페이를 포함한 모든 간편결제 지원)와 더불어 ▲토스 프론트뷰(기존 단말기 교체 없이 기기 추가 설치형) ▲토스 프론트캠(키오스크 상단 부착형)으로 매장 규모와 환경에 맞는 선택지를 제공해 소상공인부터 대형 프랜차이즈까지 빠른 확산을 노린다는 계획이다. (왼쪽부터) 토스 페이스페이 단말기 3종 ‘토스 프론트뷰 ’, ‘토스 프론트 ’, ‘토스 프론트캠 ’. [사진 토스] 앱인토스로 ‘결제 이후’까지 연결 토스는 결제 경험을 ‘방문 전후 여정’으로 확장하기 위해 앱인토스( Apps-in-Toss ) 플랫폼도 결합했다. 이용자는 앱인토스에서 매장 검색·예약·혜택 확인을 하고, 현장에서는 페이스페이로 결제를 마치며, 결제 후에는 자동 적립·쿠폰 발급·재방문 예약까지 이어간다. 오규인 토스페이 부사장은 “페이스페이는 단순한 결제 수단이 아니라 오프라인 여정을 하나로 잇는 연결고리”라며 “단말기를 보급하는 토스플레이스, 매장 서비스를 제공하는 앱인토스, 그리고 페이스페이가 유기적으로 결합해 이용자의 경험을 매끄럽게 만들 것”이라고 말했다. 이어 “토스는 ‘결제 행위 자체가 사라지는 경험’을 앞세워 오프라인 결제 시장 혁신에 나설 것“이라고 강조했다."
17일 동안 해킹 몰랐던 롯데카드⋯1.7GB 데이터 유출,https://n.news.naver.com/mnews/article/031/0000961914,"이찬진 금감원장 ""파일 유출 2회""…""피해 시 전액 보상"" 롯데카드 ""비밀번호 변경 안내"" 롯데카드가 해킹 사고 최초 발생일 이후 17일 동안 해킹 사실을 몰랐던 것으로 드러났다. 이찬진 금융감독원장은 해킹으로 피해가 확인되면 전액 보상하도록 하고, 롯데카드를 상대로 현장검사에 착수했다. [롯데카드 홈페이지 캡처] 금융감독원이 2일 국회 정무위원회 소속 강민국 의원실에 보고한 자료에 따르면, 롯데카드 해킹이 발생한 첫 시점은 지난달 14일 오후 7시 21분이다. 14일과 15일 이틀에 걸쳐 온라인 결제 서버 해킹 시도가 있었다. 실제 내부 파일이 외부로 반출된 것은 2회다. 그러나 롯데카드는 지난달 31일이 되어서야 해킹 사고를 인지했다. 17일이나 지나고 안 것이다. 롯데카드는 유출된 데이터 규모는 1.7 기가바이트( GB )로 파악됐다. 금감원은 반출 파일에 포함된 정보의 구체적 내용을 확인하고 있다. 금감원은 ""반출 실패한 파일을 토대로 추정하면 카드 정보 등 온라인 결제 요청 내역이 포함된 것으로 보인다""며 고객정보 유출 가능성도 점검하고 있다. 롯데카드는 ""백신 추가 설치, 악성코드 진단 조치 이외에 정보 유출 가능 고객을 확인해 카드 비밀번호 변경 등을 안내하겠다""고 했다. 이 원장은 롯데카드 고객이 원하면 쉽게 카드를 해지 또는 재발급할 수 있도록 홈페이지에 별도 안내 절차를 마련할 것을 주문했다. 아울러 금융회사 등 금융권 전반에 자체 금융 보안 관리체계를 전면 재점검할 것을 당부하고, 관리 소홀로 금융 보안 사고에 엄정한 제재를 할 것이라고 경고했다."
불확실성 커진 시장…국제 금·은 값 최고치 경신,https://n.news.naver.com/mnews/article/003/0013456214,"국제 금값 4개월여 만에 사상 최고치..국내는 한 돈 60만원 돌파 은, 14년 만에 온스당 40달러 넘어 [서울=뉴시스] 2025.06.15. ks @ newsis.com [서울=뉴시스]이지민 기자 = 국제 금값이 사상 최고치를 기록했다. 이에 따라 국내 금값도 한 돈에 60만원을 넘나들고 있다. 미국 연방준비제도( Fed ·연준)의 금리 인하 기대감에 더불어 통화정책 불확실성까지 맞물리며 안전자산 선호 심리가 강해진 영향이다. 2일 트레이딩뷰에 따르면 1일(미국 현지 시각) 뉴욕상품거래소( COMEX )에서 금 선물 근월물 가격은 온스당 3557.10달러까지 오르며, 지난 4월 이후 4개월여 만에 사상 최고치를 기록했다. 한 돈 기준으로 약 60만원 수준이다. 이날 국제 은 선물 가격도 오후 4시 기준 온스당 41.73달러(한 돈 기준 약 7000원)를 넘어서면서, 2011년 이후 처음으로 40달러를 웃돌았다. 은 값은 올해 들어서만 40% 넘게 오른 것으로 나타났다. 또 백금, 팔라듐 등 다른 귀금속 가격도 동반 상승세를 보이고 있다. 시장에서는 당분간 금, 은 등 귀금속 가격의 상승 요인이 우세하다는 평가가 나온다. 최근 미 연준의 기준금리 인하 기대감과 함께 도널드 트럼프 미국 대통령의 연준에 대한 독립성 훼손 우려가 불거지면서 통화정책 불확실성도 커지고 있는 점이 주요인으로 꼽힌다. 트럼프 대통령은 그간 통화정책을 담당하는 중앙은행 연준에 금리 인하를 압박하며 독립성을 흔들어 왔다. 제롬 파월 연준 의장을 공개적으로 비판하는가 하면, 최근에는 리사 쿡 연준 이사에 대해 임기 중 해임을 통보했다. 표면상으로는 쿡 이사가 부당 주택담보대출을 받았다는 혐의지만, 시장에선 트럼프 대통령이 비둘기파 이사를 새로 임명하기 위한 수순으로 보고 있다. 이에 따라 9월 금리 인하에 대한 기대감은 커지고 있다. 통상 금리 인하기에는 무이자 자산인 귀금속에 대한 투자 매력도가 올라간다. 각국 중앙은행이 금 매입에 나서고 있다는 점도 금값 지지 요인이다. 중국은 최근 홍콩을 통한 금 수입을 늘리고 있는데, 7월 홍콩에서 중국으로의 금 순수입은 4만3923톤으로, 6월(1만9366톤)에 비해 126% 증가했다. 박희찬 미래에셋증권 리서치센터장은 ""하반기 금융시장 변동성이 확대될 때 금 값은 강세로 갈 가능성이 높다""며 ""연준 금리 인하에 달러가 약세 반응을 보이는 경우에도 금값 강세를 기대할 수 있다""고 말했다. 또 ""기본적으로 중장기 달러 약세를 예상하는 만큼 금에 대해 적절한 투자를 계속해서 이어갈 것""을 조언했다. 다만, 금리 인하 기대감과 국제 정세 불안 등이 이미 가격에 반영된 만큼 금값의 추가 상승은 제한적일 수 있다는 분석도 나온다. 특히 금리 인하 이후 위험자산 선호가 확대되면 금 투자 매력이 오히려 약화될 가능성도 있다."
"농협은행, 가을맞이 외화예금 가입 이벤트 실시",https://n.news.naver.com/mnews/article/014/0005400336,"농협은행 제공 [파이낸셜뉴스] NH 농협은행은 다음달까지 '외화통장 DAY 1' 이벤트를 실시한다고 2일 밝혔다. 이번 이벤트는 외화예금 상품을 가입한 선착순 5000명에 5000 NH 포인트를 제공한다. 1000불(미화환산) 이상 가입한 전원에게는 NH 드림쿠폰 3종(환율우대, 외화정기예금 금리우대, 외화적금 가입금액)을 증정하고, 추첨을 통해 △호텔 숙박권(7명) △ NH 포인트 5만점(77명)을 추가로 증정한다. 농협은행 관계자는 “고객들의 외화자산 운용에 혜택을 드리고자 쉽게 접근할 수 있는 이벤트를 준비했다”며 “앞으로도 외환고객에게 혜택을 주는 상품 및 서비스를 확대할 것”이라고 말했다."
"에잇퍼센트, 법인·기관투자자 6682억원 투자… 연 수익률 10.6% 기록",https://n.news.naver.com/mnews/article/030/0003346258,"에잇퍼센트 온라인투자연계금융(P2P금융) 기업 에잇퍼센트(대표 이효진)가 자사 대출채권에 투자한 법인·기관투자자의 연 수익률이 10.59%를 기록했다고 밝혔다. 이들에게 지급된 누적 수익금이 377억원을 넘어섰다. 법인·기관투자자의 누적 투자는 2025년 8월 31일 기준 법인·기관투자자의 누적 투자 규모는 6682억원으로, 1년만에 1785억원 증가했다. 8월 31일 기준 연체율은 1.73%로, 부동산·개인신용·증권계좌 담보 등 다변화된 대체투자 상품 포트폴리오를 운영하는 온투사 중 가장 낮은 수준을 기록했다. 최근 5년 평균 손실률은 1.17%다. 특히 수도권과 광역시 주요 아파트 중심의 부동산담보 대출 연체율은 1.78%, 최근 5년 평균 손실률은 0.46%로 더욱 안정적인 지표를 기록했다. 개인신용대출에 투자하는 저축은행은 AI 기반 신용평가 모형과 개인회생 신청 예측 모형 등 정교한 리스크 관리 체계에 주목한다. 실제 지난 6월 3개 저축은행으로 시작한 기관투자가 5개 저축은행의 협약으로 확대된 것도 이러한 신뢰가 반영된 결과다. 이효진 에잇퍼센트 대표는 “법인·기관 투자자에게 가장 중요한 가치는 안정성과 예측 가능성”이라며 “법인·기관 투자자의 특수한 니즈를 반영해, 최적의 투자처를 제공하는 장기적인 투자 파트너가 될 것”이라고 말했다."
이억원 후보자 “6·27 규제 차질 없이 추진… 필요시 추가 대책 즉각 시행”,https://n.news.naver.com/mnews/article/366/0001104773,"이억원 금융위원장 후보자가 2일 서울 여의도 국회에서 열린 국회 정무위원회에서 열린 인사청문회에 출석해 의원 질의에 답변하고 있다. /뉴스1 이억원 금융위원장 후보자는 2일 주택담보대출 한도를 6억원으로 제한하는 ‘6·27 규제’ 등 가계부채 관리와 관련해 “일관되고 확고한 기조를 유지할 것”이라며 “6·27 대책을 차질 없이 추진하고 필요할 경우 추가 대책도 즉각 시행해 선제적으로 대응할 것”이라고 밝혔다. 이 후보자는 2일 국회 정무위원회 인사청문회에서 금융정책 추진 방향으로 생산적 영역으로의 자금 공급 확대와 공정하고 활력 있는 자본시장, 취약계층의 채무부담 완화 및 금융 접근성 확대, 금융소비자 보호 체계 강화, 금융시장 안정 확보 등 5가지를 제시하며 이같이 말했다. 이 후보자는 금융권 자금이 부동산이 아닌 첨단산업 등으로 흘러갈 수 있게 하는 ‘생산적 금융’을 또 강조했다. 이 후보자는 “첨단전략산업기금 설치법이 본회의를 통과한 만큼 이를 마중물로 국민성장펀드를 조성해 장기간 대규모 지원이 필요한 첨단전략사업 투자에 효과적으로 대응하겠다”며 “금융산업의 생산적 금융 기능 강화를 위해 제도·규제·감독 전반을 개선하고 디지털 융복합발전 등 금융산업의 자체적 혁신도 촉진하겠다”고 했다. 이 후보자는 자본시장 개혁 방향으로 “주가조작 근절 합동대응단 운영과 원스트라이크 아웃 원칙 적용, 회계부정 제재 강화 등을 통해 불공정행위가 다시는 발붙일 수 없게 하겠다”고 강조했다. 또 대형 투자은행의 모험자본 공급 확대와 주식시장 구조 개편 등도 추진하겠다고 밝혔다. 이 후보자는 취약계층 지원을 위해 장기연체채권 채무조정 프로그램(배드뱅크)을 차질 없이 시행하겠다고 했다. 또 서민금융 안정기금 신설과 청년미래적금 신설, 주택연금제도 개선 등도 추진하겠다고 밝혔다. 이 후보자는 금융소비자 보호와 관련해 “금융회사 책무구조도를 정착시켜 내부통제가 실효성 있게 작동하도록 하겠다”며 “소액분쟁사건에 대한 편면적 구속력 도입 등으로 사후구제 기능을 강화하겠다”고 했다."
"이찬진 금감원장 ""롯데카드 사고 비상대응체계 가동…엄정 제재할 것""",https://n.news.naver.com/mnews/article/003/0013456204,"""금융사 경영진, 보안 관리체계 전면 재점검해야"" [서울=뉴시스] 홍효식 기자 = 이찬진 금융감독원장이 1일 서울 종로구 생명보험교육문화센터에서 열린 보험회사 CEO 간담회에서 발언하고 있다. 2025.09.01. yesphoto @ newsis.com [서울=뉴시스] 최홍 기자 = 이찬진 금융감독원장이 롯데카드 해킹 사고와 관련해 비상대응체계를 가동하고, 금융회사들은 경영진 책임하에 관리 체계를 전면 재점검해야 한다고 강조했다. 이 원장은 2일 금감원 임원회의를 열고 이같이 밝혔다. 이 원장은 ""최근 발생한 롯데카드 침해사고로 금융시장에 대한 소비자의 불안·불신이 증폭될 수 있다""며 ""소비자 피해 예방을 최우선으로 하고 전자금융거래가 보다 안정적으로 이루어지도록 신속하고 면밀한 대응에 힘써달라""고 지시했다. 이어 ""금감원 내 비상대응체계를 가동해 유기적으로 대응하고 현장검사를 통해 사고 원인 및 피해 규모 등을 철저히 점검해야 한다""며 ""필요시 소비자 유의사항 전파 등 소비자경보를 발령해달라""고 말했다. 또 ""소비자피해 최소화를 위해 회사 내에 전용 콜센터를 운영하고 이상금융거래 모니터링을 강화해달라""며 ""혹시 모를 부정사용 발생시 피해액 전액을 보상하는 절차를 마련하도록 해 금융소비자의 피해가 없도록 해야 한다""고 강조했다. 그러면서 ""금융소비자가 원하는 경우 해킹피해를 직접 차단할 수 있도록 손쉽게 카드 해지 또는 재발급을 홈페이지에 별도 안내하는 절차를 마련하라""고 주문했다. 이 원장은 ""금융회사 경영진은 정보보안을 단순한 규제 준수 차원이 아닌 고객 신뢰 구축의 기반으로 삼아야 함을 깊이 인식해야 한다""며 "" CEO 책임하에 소비자보호 관점에서 자체 금융보안 관리체계를 전면 재점검 해야 한다""고 전했다. 아울러 ""관리소홀로 인한 금융보안 사고에 대해서는 엄정하게 제재할 것""이라고 강조했다."
"KB국민카드, '보람상조 KB카드' 출시",https://n.news.naver.com/mnews/article/015/0005178925,"KB 국민카드가 보람상조 월 납입금과 온라인 쇼핑에서 폭넓은 혜택을 제공하는 ‘보람상조 KB 카드’를 출시했다. 이번 제휴카드는 보람상조 월 납입금을 자동 납부할 경우 전월 이용실적에 따라 40만원 이상 5000원, 80만원 이상 8000원, 120만원 이상 1만1000원의 청구 할인을 받을 수 있다. 여기에 전월 이용실적 40만원 이상 시 G마켓·옥션·11번가 등 주요 오픈마켓에서 KB Pay 로 결제하면 10% 할인 혜택(월 최대 5000원 한도)도 추가 제공된다. 카드 출시를 기념한 할인 혜택도 제공한다. 지난 3월 이후 KB 국민카드 이용 이력이 없는 고객이 이달 30일까지 이 카드로 보람상조 납입금 자동 납부 시 전월 이용실적에 따라 기본 할인에 더해 1만원~1만6000원의 추가 청구 할인을 24개월간 제공한다. 이를 통해 매월 최대 1만6000원의 추가 할인을 받으면 24개월간 최대 64만8000원의 할인을 받을 수 있다. 이달 말일까지 이 카드로 보람상조 납입금 자동 납부 및 납입금 외 카드 사용금액 3만원 이상 시 3만원 캐시백 혜택도 지원한다. 카드발급 신청은 KB 국민카드 홈페이지, KB Pay, 고객센터, 영업점에서 가능하다. KB 국민카드 관계자는 “이번 제휴카드는 생활에 밀접한 상조 서비스와 온라인 쇼핑에서 동시에 혜택을 제공한다”며 “앞으로도 생활 밀착형 제휴 상품을 지속 확대해 고객 선택 폭을 넓히겠다”고 말했다."
"DB, 경영권 분쟁 가능성 일축에 4% 약세[이런국장 저런주식]",https://n.news.naver.com/mnews/article/011/0004528101,오후 2시 3분 현재 주가 전일 대비 4% 하락 전날 경영권 분쟁 가능성에 주가 13% 급등 김남호 DB 그룹 명예회장. 사진 제공= DB 그룹 [서울경제] 경영권 분쟁 가능성 제기에 전날 급등 마감했던 DB 주가가 4%대 하락 중이다. DB 측이 경영권 분쟁 가능성을 일축하며 몰렸던 자금이 다시 빠지는 모양새다. 2일 한국거래소에 따르면 이날 오후 2시 3분 현재 DB 주가는 전 거래일 대비 64원(4.12%) 하락한 1491원에 거래 중이다. 전날과는 다른 모습이다. 전날인 1일 DB 주가는 전 거래일 대비 179원(13.01%) 급등한 1555원에 거래를 마쳤다. 전날 주가 급등 마감을 이끈 건 DB 그룹의 경영권 분쟁 발생 가능성이다. 올 6월 DB 그룹이 돌연 이수광 전 DB 손해보험 사장을 그룹 회장으로 선임했다고 발표한 뒤부터 업계에서는 DB 그룹의 경영권 분쟁 발생 가능성이 떠돌았다. 해당 인사는 이사회 의결 사안이 아니라 김준기 창업회장의 전권에 의해 이뤄진 것으로 알려졌다. 당시 DB 그룹은 인공지능( AI ) 혁명 등 변화에 대응해 전문성 있는 경영인을 회장에 선임했다고 강조했으나 실상은 아버지가 아들을 밀어내고 측근을 회장 자리에 앉힌 것 아니냐는 루머가 흘러 나왔다. 이 회장은 1979년 DB 그룹에 입사해 동부화재·동부건설 대표이사를 거쳐 지난해부터 김준기 문화재단 감사를 맡고 있는 원로 경영인이다. 이에 대해 DB 그룹 핵심 관계자는 “현재 김남호 명예회장이 법무법인을 선임하거나 접촉한 사실은 없는 상황”이라며 경영권 분쟁 가능성을 강하게 일축했다. 투자은행( IB ) 업계에서도 경영권 분쟁이 일어날 가능성이 극히 적다는 말이 나온다. 김 명예회장이 경영권을 독차지하는 경우의 수가 현재로선 보이지 않기 때문이다. 김 명예회장은 현재 지주사 DB 지분 16.8%를 보유한 개인 최대주주다. 다만 2대주주인 아버지 김준기 창업회장(15.9%)과 누나 김주원 부회장(9.87%) 지분을 더하면 25%가 넘는다. 설령 김 명예회장이 DB 의 자사주(5%)를 기반으로 교환사채( EB )를 발행해 우호 주주에게 넘긴다 하더라도 아버지와 누나의 지분율에는 못 미치는 상황이다.
"이찬진 ""롯데카드 해킹 비상체계 가동…피해액 전액 보상""",https://n.news.naver.com/mnews/article/422/0000776958,"취임식 입장하는 이찬진 신임 금감원장 [연합뉴스 제공] 금융당국이 해킹 피해가 발생한 롯데카드에 전용 콜센터를 운영하고, 카드 부정사용 등 피해 발생 시 피해액 전액을 보상하는 절차를 마련할 것을 지시했습니다. 오늘(2일) 금융감독원에 따르면 이찬진 금융감독원장은 이날 임원회의에서 롯데카드 해킹 사고 관련 소비자 피해 예방 조치 내용을 밝혔습니다. 이 원장은 금감원에 비상대응체계를 가동하고 현장검사를 통해 사고 원인 및 피해 규모 등을 점검하라고 지시했습니다. 이 원장은 롯데카드 측에도 소비자 피해 최소화를 위한 방안을 마련하도록 조치했다고 밝혔습니다. 롯데카드 측에 전용 콜센터를 운영하고 이상금융거래 모니터링을 강화하도록 했으며, 카드 부정사용 등 피해가 발생할 경우 전액 보상 절차를 마련하도록 조치했습니다. 이 원장은 또 롯데카드 고객이 원할 경우 손쉽게 카드를 해지 또는 재발급할 수 있도록 홈페이지에 별도 안내 절차를 마련할 것을 주문했습니다. #금감원 #롯데카드 #금융사고 #해킹 #이찬진 연합뉴스 TV 기사문의 및 제보 : 카톡/라인 jebo 23"
"이찬진 금감원장, ‘해킹사고’ 롯데카드에 “피해 발생 시 전액 보상”",https://n.news.naver.com/mnews/article/014/0005400332,"임원회의서 발언...“카드 해지·재발급 안내할 것” 금감원 현장검사 착수, 고객정보 유출 여부 확인 중 이찬진 금융감독원장이 지난 1일 서울 종로구 생명보험교육문화센터에서 열린 보험회사 최고경영자( CEO ) 간담회에서 발언하고 있다. 뉴시스 제공. [파이낸셜뉴스] 이찬진 금융감독원 원장이 해킹 사고가 일어난 롯데카드에 부정사용 발생 시 피해액 전액을 보상하는 절차를 마련하라고 주문했다. 이 원장은 2일 임원회의에서 “혹시 모를 부정사용 발생 시 피해액 전액을 보상하는 절차를 마련해 금융소비자 피해가 없도록 조치했다”며 “금융소비자가 원하는 경우 해킹 피해를 직접 차단할 수 있도록 손쉽게 카드 해지 또는 재발급을 홈페이지에 별도 안내하도록 할 것”이라고 말했다. 롯데카드는 해킹 공격을 당한 사실을 전날 금감원에 신고했다. 롯데카드는 이보다 앞선 지난달 26일 서버 점검 중 일부 서버가 악성코드에 감염된 것을 알아차리고 전체 서버에 대한 정밀 점검에 들어갔다. 이 과정에서 3개 서버에서 2종의 악성코드와 5종의 웹쉘(웹서버에서 명령을 내릴 수 있도록 제작한 프로그램)을 발견해 삭제 조치했다. 이후 같은 달 31일 온라인 결제 서버에서 외부 공격자가 자료 유출을 시도한 흔적을 발견함에 따라 다음 날 금융당국에 신고하게 됐다. 이 원장은 “금감원 내 비상대응체계를 가동해 유기적으로 대응하고 현장검사를 통해 사고 원인 및 피해 규모 등을 철저히 점검할 것”이라며 “필요 시 유의사항 전파 등을 포함한 소비자경보 발령이 필요하다”고 짚었다. 금감원은 이날 현장검사에 착수해 금융보안원과 함께 고객정보 유출 여부 등 사실관계 확인 중에 있다. 롯데카드 측은 이번 해킹 사고로 약 1.7기가바이트( GB ) 정도의 데이터가 유출됐으나 개인정보가 빠져나간 흔적은 없다는 입장이다. 2일 서울 중구 롯데카드 카드센터에서 고객이 상담을 받고 있다. 뉴시스 제공 #금감원장 #롯데카드 #이찬진 #해킹사고 #피해 보상"
"대구시·서구·달성군, 금고 이자율 기준금리 밑돌아",https://n.news.naver.com/mnews/article/421/0008461514,"한병도 ""지자체, 공적자금 운용 책임 다해야"" 2024년 광역·기초자치단체 합산 현황.(한병도 의원실 제공. 재판매 및 DB 금지) (대구=뉴스1) 김종엽 기자 = 대구시와 서구, 달성군이 기준금리 2.5%에도 못 미치는 금리로 여유자금을 은행 금고에 맡긴 것으로 나타났다. 2일 한병도 더불어민주당 의원(전북 익산시을)이 행정안전부에서 받은 자료에 따르면 대구시와 9개 구·군의 금고 예치금은 2조9179억 원으로 이자수입은 733억6200만 원이다. 이자율을 보면 동구와 북구 4.10%, 남구 3.66%, 수성구 3.57%, 달서구 3.38%, 중구 2.88%, 군위 2.62%로 기준금리를 웃돌았다. 그러나 달성군 1.52%, 대구시 2.07%, 서구 2.46% 등으로 기준금리에도 미치지 못해 공적자금이 사실상 방치되고 있다는 지적이다. 경북의 금고 예치금은 10조7514억 원, 이자 수입은 2730여억 원으로 평균 이자율은 2.54%다. 경북의 22개 시·군 중 상주시의 이자율이 1.14%로 가장 낮았다. 지자체 금고별 이자율은 행안부가 제출한 지자체별 현금과 현금성 자산, 단기금융상품, 공공예금이자 수입 내역을 토대로 추정한 금고은행 금리이다. 한 의원은 ""지자체 금고는 현금 보관창고가 아니라 국민 세금을 굴리는 공적 자산 운용 창구""라며 ""이자율 전면 공개와 협력사업비 관리 강화 등을 통해 지방재정의 건전성과 공정성을 높이고,행안부는 제도 개선을 통해 운영 투명성을 높여야 할 것""이라고 말했다."
"한은 ""8월 물가 1.7% 일시적…9월은 2% 내외 수준 복귀할 것""",https://n.news.naver.com/mnews/article/629/0000422117,"한은, 물가상황점검회의 한국은행이 통신 요금 할인 등 일시적 효과가 사라지면서 오는 9월 물가 상승률이 다시 2% 수준으로 높아질 것으로 전망했다. /이선영 기자 8월 소비자물가 상승률이 1.7%로 9개월 만에 최처 수준으로 내려갔다. 한국은행은 통신 요금 할인 등 일시적 효과가 사라지면서 오는 9월 물가 상승률이 다시 2% 수준으로 높아질 것으로 예상했다. 한은은 2일 '물가 상황 점검회의'를 열고 향후 물가 흐름과 관련해 이같이 말했다. 회의에는 김웅 부총재보, 이지호 조사국장, 신승철 경제통계1국장 등이 참석했다. 통계청에 따르면 지난달 소비자물가지수는 116.45(2020년=100)로 전년 동월보다 1.7% 상승했다. 이는 지난해 11월 1.5% 이후 가장 낮은 수준이다. 통신요금 하락이 결정적으로 작용했다. SK 텔레콤이 해킹 사태로 인한 가입자 이탈을 막고자 한 달간 요금을 절반 감면한 영향이다. 반면 먹거리 물가는 고공행진을 이어갔다. 농축수산물이 전년 대비 4.8% 뛰며 작년 7월(5.5%) 이후 13개월 만에 최대 폭 상승을 나타냈다. 한은은 농축수산물은 중호우와 폭염의 여파로 상승폭이 확대됐으나, 일부 이동통신사의 통신요금 일시 할인으로 휴대전화료가 크게 하락했다고 평가했다. 9월에는 일시적인 요인이 사라지며 다시 2% 내외로 높아질 것으로 예상했다. 김 부총재보는 ""8월 중 소비자물가는 집중호우와 폭염 등에 따른 농축수산물가격 큰 폭 상승에도 불구하고, 당초 예상대로 통신요금 일시 할인으로 오름폭이 7월2.1% 대비 0.4%포인트 축소됐다""고 말했다. 이어 ""9월 물가상승률은 일시적 하락요인이 사라지면서 2% 수준으로 높아질 것""이라며 ""앞으로 소비자물가는 농축수산물가격 상승에도 낮은 수요압력, 국제유가 안정 등을 감안할 때 당분간 2% 내외의 오름세를 지속할 전망""이라고 설명했다. 발로 뛰는 더팩트는 24시간 여러분의 제보를 기다립니다. ▶카카오톡: '더팩트제보' 검색 ▶이메일: jebo @ tf.co.kr ▶뉴스 홈페이지: http :// talk.tf.co.kr / bbs / report / write"
"하나금융, '사랑의 생명나눔, 헌혈캠페인' 실시",https://n.news.naver.com/mnews/article/629/0000422114,"임직원의 자발적 헌혈 참여 통한 생명 나눔 실천 하나금융그룹은 지역사회 의료 현장의 혈액 부족 문제 해소 및 공공보건 증진에 기여하기 위해 그룹 임직원이 자발적으로 참여하는 '사랑의 생명나눔' 헌혈 캠페인을 실시했다. 2일 오전 하나금융 명동사옥에서 진행된 헌혈 캠페인 행사에서 임직원이 헌혈에 참여하고 있다. /하나금융 하나금융그룹은 그룹 임직원이 자발적으로 참여하는 '사랑의 생명나눔' 헌혈 캠페인을 지난달 26일부터 오는 11일까지 진행한다고 2일 밝혔다. 이번 행사는 혈액 부족 문제로 어려움을 겪는 지역사회 의료 현장에 도움을 주고, 소중한 생명을 지키기 위해 마련됐다. 이번 헌혈 캠페인은 전 그룹 계열사 임직원이 자발적으로 참여하며 지난달 26일 하나금융그룹 여의도 사옥을 시작으로 지난 2일 명동사옥, 8일 강남사옥, 11일 청라사옥에서 순차적으로 진행한다. 각 사옥별로 오전 9시부터 오후 4시까지 헌혈 차량을 배치하고, 특히 현장접수 외에도 사전 신청을 통해 대기시간을 최소화하여 하나금융그룹의 사회적 책임 실천에 임직원들이 적극적으로 동참할 수 있도록 했다. 또한 하나금융그룹은 헌혈 캠페인 기간 동안 사내 게시판을 통해 퀴즈 풀기, 응원 댓글, 새롭게 기획한 'RED DAY' 헌혈 드레스코드 이벤트를 진행해 임직원 간 연대감과 참여의식을 높여 캠페인의 의미를 더욱 확산시킬 예정이다. 하나금융그룹 ESG 상생금융팀 관계자는 ""환자들의 생명을 살리는데 필요한 혈액 수급에 기여하고, 헌혈 문화 확산을 위해 임직원들과 함께 캠페인을 실천하고 있다""며 ""소중한 생명을 살리는 일에 그룹 임직원들이 함께 동참할 수 있도록 다양하고 진정성 넘치는 ESG 활동을 이어 나가겠다""고 밝혔다. 하나금융그룹은 이외에도 걸음기부 캠페인, 의류 기부 캠페인, 임직원 대상 심폐소생술 안전 교육, 혹서기 취약 어르신을 위한 삼계탕 봉사활동 실시, 장애인 가족을 위한 여름나기 행복상자 전달 등 다양한 사회공헌 활동에 앞장서고 있다. 발로 뛰는 더팩트는 24시간 여러분의 제보를 기다립니다. ▶카카오톡: '더팩트제보' 검색 ▶이메일: jebo @ tf.co.kr ▶뉴스 홈페이지: http :// talk.tf.co.kr / bbs / report / write"
"이찬진 ""롯데카드 해킹 피해 발생 시 전액 보상… 예방 최우선""",https://n.news.naver.com/mnews/article/417/0001098851,"이찬진 금융감독원장이 2일 롯데카드 해킹 사고로 카드 부정 사용이 발생할 경우 피해액 전액을 보상하는 절차를 마련할 것을 지시했다. 사진은 이찬진 금융감독원장이 지난 1일 서울 종로구 생명보험교육문화센터에서 열린 보험회사 CEO 간담회에서 발언하고 있는 모습./사진=뉴시스 이찬진 금융감독원장이 2일 롯데카드 해킹 사고로 카드 부정 사용이 발생할 경우 피해액 전액을 보상하는 절차를 마련할 것을 지시했다. 이 원장은 이날 서울 여의도 본원에서 임원회의를 주재하고 ""롯데카드 해킹 사고로 금융시장에 대한 소비자의 불안·불신이 증폭될 수 있다""며 ""소비자 피해 예방을 최우선으로 하고, 전자금융거래가 보다 안정적으로 이루어지도록 신속하고 면밀한 대응에 힘쓰라""며 이같이 말했다. 이에 금감원 내 비상 대응체계를 가동해 유기적으로 대응하고 현장검사를 통해 사고 원인 및 피해 규모 등을 철저히 점검하는 한편 필요시 소비자 유의 사항 전파 등 소비자경보 발령을 지시했다. 소비자 피해 최소화를 위해 회사 내에 전용 콜센터를 운영하고 이상 금융거래 모니터링도 강화한다. 이 원장은 ""최고경영자( CEO ) 책임하에 소비자 보호 관점에서 자체 금융 보안 관리체계를 전면 재점검해야 한다""며 ""관리 소홀로 인한 금융 보안 사고에 대해서는 엄정하게 제재할 것""이라고 강조했다. 한편 금감원은 이날 오전 금융보안원과 함께 롯데카드에 대한 현장검사에 착수했다. 롯데카드는 지난달 26일 서버 점검 중 특정 서버에서 악성코드 감염 사실을 확인하고 전체 서버를 대상으로 정밀 조사를 실시했다. 이 과정에서 3개 서버에서 2종의 악성코드와 5종의 웹 셸이 발견돼 즉시 삭제 조치를 했다. 이후 31일 낮 12시께 온라인 결제 서버에서 외부 공격자가 자료 유출을 시도한 흔적이 발견됐다."
"IBK기업은행, 하반기 정규직 수시채용",https://n.news.naver.com/mnews/article/629/0000422112,"디지털·정보보호 및 금융전문 분야 등 총 5명 채용 IBK 기업은행은 2025년도 하반기 180명 규모의 신입행원 공개채용 공고에 이어 전문성 있는 우수인재 확보를 위해 정규직 5명을 수시채용 한다. / IBK 기업은행 IBK 기업은행은 2025년도 하반기 180명 규모의 신입행원 공개채용 공고에 이어 전문성 있는 우수인재 확보를 위해 정규직 5명을 수시채용 한다고 1일 밝혔다. 모집 분야는 총 4개이다. 디지털·정보보호는 △보안 아키텍처 설계·관리 △침해사고 분석·대응 △블록체인 사업 기획·개발 등 3개 분야이고, 금융전문은 △자금운용 1개 분야이다. 자격요건은 채용 분야별 관련 전공 학위소지자 및 유관 업무경력 보유자 등이다. 기업은행은 오는 16일까지 기업은행 채용 홈페이지를 통해 지원서를 접수받을 예정이며 서류심사, 실기시험, 면접시험을 거쳐 오는 11월 중 최종합격자를 발표한다. 최종합격자는 신입행원 연수 종료 후 본부 유관부서에 배치돼 업무를 수행할 예정이다. 기업은행은 관련 규정에 따라 석·박사 학위 및 유관 업무경력 등을 인정해 과장급으로의 채용도 적극 검토할 계획이다. 더불어 기업은행은 은행의 현장 업무를 직접 경험하고 'IBK 창공' 혁신기업들과 함께 프로젝트를 수행할 수 있는 청년인턴 채용도 진행할 계획이다. 청년인턴 채용공고는 10월 말 경 게재될 예정이다. 기업은행 관계자는 ""앞으로도 다양한 채용전형을 통해 우수한 젊은 인재들에게 입행 기회를 제공할 예정이니 실력과 열정을 갖춘 인재들이 많이 지원해주길 바란다""고 말했다. 발로 뛰는 더팩트는 24시간 여러분의 제보를 기다립니다. ▶카카오톡: '더팩트제보' 검색 ▶이메일: jebo @ tf.co.kr ▶뉴스 홈페이지: http :// talk.tf.co.kr / bbs / report / write"
"우리금융, 가뭄 겪는 강릉시에 '2L 생수 20만병' 긴급 지원",https://n.news.naver.com/mnews/article/421/0008461481,"(우리금융그룹 제공) (서울=뉴스1) 김근욱 기자 = 우리금융그룹은 극심한 가뭄으로 생활에 큰 불편을 겪고 있는 강릉시에 2L 생수 20만병을 긴급 지원했다고 2일 밝혔다. 이번에 전달된 생수는 대한적십자사를 통해 강릉시청에 전달된다. 긴급 생활용수 등 다양한 용도로 지역 취약계층에 먼저 공급할 계획이다. 임종룡 회장은 ""오봉저수지 저수율이 15% 이하로 떨어지는 등 강릉시 지역 주민 생활의 어려움이 가중되고 있어 일상생활 지원을 위해 생수를 긴급하게 기부했다""며 ""우리금융은 사회적 책임을 다하기 위해 노력을 아끼지 않을 것이다""고 밝혔다. 우리금융은 그동안 국내 재난·재해가 발생할 때마다 선제적으로 구호 활동에 나서 기업의 사회적 책임을 실천해 왔다. 현재 강릉시 가뭄 피해 상황을 지속해서 모니터링하고 있으며, 필요시 추가적인 지원도 할 예정이다."
野 “해체하는 금융위 청문회 못해...존치 전제로 진행”,https://n.news.naver.com/mnews/article/009/0005551568,이억원 금융위원장 후보자 청문회 2일 국회 정무위원회에서 열린 이억원 금융위원장 후보자에 대한 인사청문회가 열리고있다. 2025.9.2[이충우기자] 금융위원장 후보자에 대한 인사청문회 자리에서 금융위 조직개편 문제를 두고 여야가 공방을 이어갔다. 야당인 국민의힘은 금융위 해체가 정해졌다면 인사청문회는 의미가 없다며 정부와 여당의 입장을 확실히 밝히라고 따졌다. 여당인 더불어민주당은 금융위 해체는 결정되지 않았다며 청문회를 진행해야 한다고 반박했다. 2일 오전 이억원 금융위원장 후보자 인사청문회에서 여야는 전일 당정협의회에서 금융위를 해체하기로 하고 오는 25일 국회 본회의에서 관련 정부조직법 개편안을 처리한다는 입장을 두고 대립각을 세웠다. 강민국 국민의힘 의원은 “어제(1일) 대통령실과 민주당 정무위원들이 금융감독체계 개편안에 대한 당정 협의를 했다는데 협의의 주요 내용이 금융위 해체와 정책기능의 기재부 이관 등”이라며 “정부와 민주당의 명박한 입장을 밝혀달라”고 요구했다. 금융위 해체를 전제로 금융위원장을 임명하는 인사청문회를 갖는 게 무의미하다는 주장이다. 이양수 국민의힘 의원도 “민주당이 금융위 해체안 등을 포함한 정부조직법 개편안을 25일 국회 본회의에서 처리한다는 보도가 있었다”며 “오늘 청문회를 하면 임명까지 10~15일 정도 걸릴 텐데 열흘 근무시키려고 청문회를 하는 건가”라며 청문회 일정 연기를 주장했다. 이에 대해 민주당은 금융당국 조직개편안이 확정되지 않았다며 청문회를 진행해야 한다고 맞받아쳤다. 강준현 민주당 의원은 “당정 간담회를 한 건 사실”이라면서도 “안을 논의한 것이지 결정 단계는 아니다. 25일에 (법안 처리) 하겠다는 말은 안 했다”고 반박했다. 박범계 민주당 의원도 “일부 언론에서 말하는 (금융위) 해체론은 근거가 없다”며 “야당 위원들의 동의를 받지 않는 금융위 개편은 가능하지 않다”고 설명했다. 국민의힘 소속 윤한홍 정무위원장은 “용산(대통령실)의 뜻을 한 번 더 확인하는 게 좋을 것 같다”는 의견을 냈다. 이에 인사청문회는 개회 10분 만에 정회했다. 약 40분 뒤 속개한 다음에는 강 의원이 “금융위 해체가 아닌 기능을 조정하고 간판을 바꾸는 문제”라며 “기관의 형태가 어떻게 바뀌든 금융 정책의 연속성과 책임성은 그대로 필요하다”고 강조했다. 이어 그는“현행법령상 금융위는 엄연히 존재하고 금융위원장은 전체를 총괄하는 자리”라며 “간판이 바뀌어도 인사청문회는 필요하다”고 덧붙였다. 이에 대해서도 강 의원은 “금융위가 존치한다는 전제 하에서 금융위원장의 인사청문회를 진행하는 걸로 간주할 수밖에 없다”며 “금융위가 그대로 존치한다는 전제 하에 (인사청문회를) 진행하고 차후 이와 반대되는 정부조직법 개편 등 내용이 온다면 그런 부분을 다룰 수 없다”고 지적했다. 이 후보자는 금융당국 조직개편과 관련해 “(찬반을) 언급하는 것은 적절하지 않다”며 말을 아꼈다.
"이찬진 금감원장, 롯데카드 해킹에 ""소비자 피해 발생 시 전액 보상""",https://n.news.naver.com/mnews/article/008/0005244434,"[서울=뉴시스] 김진아 기자 = 이찬진 금융감독원장이 28일 서울 중구 은행연합회에서 열린 은행장 간담회에서 발언하고 있다. 2025.08.28. bluesoda @ newsis.com /사진=김진아 이찬진 금융감독원장이 롯데카드 해킹사고와 관련해 ""부정사용 발생시 피해액 전액을 보상하는 절차를 마련하라""고 주문했다. 이 원장은 2일 금감원 임원회의에서 ""관리 소홀로 인한 금융 보안 사고에 대해서는 엄정하게 제재할 것""이라며 이같이 밝혔다. 여신전문금융업법과 카드사 약관 등에 따르면 카드사는 해킹 등에 따른 카드 부정사용에 대한 책임을 부담한다. 이같은 규정을 적극적으로 검토하라는 지시사항이다. 금감원은 비상 대응체계를 가동해 유기적으로 대응하고 현장검사를 통해 사고 원인과 피해 규모 등을 점검하고 있다. 또 필요시 소비자 유의 사항 전파 등 소비자경보를 발령할 예정이다. 아울러 금감원은 롯데카드에 소비자 피해 최소화를 위해 사내 전용 콜센터를 운영하고, 이상금융 거래 모니터링을 강화하도록 했다. 또 소비자가 원하는 경우 해킹 피해를 직접 차단할 수 있도록 손쉽게 카드 해지나 재발급을 할 수 있도록 홈페이지에 별도 안내 절차를 마련할 것을 주문했다. 이 원장은 ""금융사 경영진은 정보보안을 고객 신뢰 구축의 기반으로 깊이 인식해야 한다""라며 "" CEO 책임 하에 소비자보호 관점에서 자체 금융보안 관리체계를 전면 재점검해달라""고 당부했다. 앞서 롯데카드는 지난달 26일 서버 점검 중 일부 서버가 악성코드에 감염된 것을 확인했다. 전체 서버를 점검하는 과정에서 3개 서버에서 2종의 악성코드와 5종의 웹 셸( web shell )이 발견해 삭제했다. 이후 지난 달 31일 온라인 결제 서버에서 외부 공격자가 자료 유출을 시도한 흔적을 발견하고 전날 금융당국에 신고했다. 롯데카드 측은 ""내부조사 결과 현재까지 고객 정보 등 개인정보 유출 여부는 아직 확인되지 않았으며, 금융당국과 조사를 통해 확인할 예정""이라고 설명했다."
이찬진 금감원장 “롯데카드 해킹 피해 땐 전액 보상”,https://n.news.naver.com/mnews/article/366/0001104764,"“관리 소홀로 인한 사고 시 엄정 제재” 이찬진 금융감독원장이 지난 1일 오후 서울 종로구 생명보험교육문화센터에서 열린 보험회사 최고경영자( CEO )와의 간담회에 참석하고 있다./뉴스1 이찬진 금융감독원장이 롯데카드 ‘해킹사고’로 인한 피해가 발생 시 피해액 전액을 보상하는 절차를 마련할 것을 지시했다. 카드사는 여신전문금융업법 등에 따라 해킹 등 침해사고 발생 시 부정 사용에 대한 책임을 부담해야 한다. 이 원장은 2일 임원회의에서 “롯데카드의 사고로 인해 금융시장에 대한 소비자의 불안·불신이 증폭될 수 있다”며 “소비자 피해 예방을 최우선으로 하고, 전자금융거래가 보다 안정적으로 이뤄지도록 해야한다”고 말했다. 이 원장은 “아울러 금융소비자가 원하는 경우, 해킹피해를 직접 차단할 수 있도록 손쉽게 카드 해지 또는 재발급을 홈페이지에 별도 안내하도록 할 것을 주문했다. 이 원장은 금감원 내 비상대응체계를 가동해 유기적으로 대응하고, 현장검사를 통해 사고 원인 및 피해 규모 등을 철저히 점검하도록 했다. 이 원장은 또 “금융사 경영진은 정보보안을 단순한 규제 준수 차원이 아닌 고객 신뢰 구축의 기반으로 삼아야 함을 깊이 인식해야 한다”며 “관리소홀로 인한 금융보안 사고에 대해서는 엄정하게 제재할 것”이라고 했다."
"트럼프 일가 코인 WLFI, 국내외 상장 첫날 반짝 뜨더니…상장가 이하 '급락'",https://n.news.naver.com/mnews/article/119/0002997795,"트럼프 일가 '디파이 코인 ', 국내외 가상자산 거래소 일제히 상장 업비트 상장 1분 만에 27% 상승 후 급락…현재 시총 8조원 근접 일각서 이해충돌 논란 제기…백악관 대변인 ""이해충돌 아냐"" 도널드 트럼프 미국 대통령 ⓒ연합뉴스 [데일리안 = 황지현 기자] 도널드 트럼프 미국 대통령 일가가 주도하는 디파이(탈중앙화금융) 프로젝트 '월드리버티파이낸셜( World Liberty Financial, WLFI )'의 가상자산 WLFI 가 국내 주요 가상자산 거래소에 동시 상장된 직후 급등했다가 하락 전환하며 상장가 이하까지 떨어졌다. 2일 업계에 따르면 국내 1위 가상자산 거래소 업비트가 지난 1일 오후 10시 원화마켓에 상장한 WLFI 는 시가 391원에서 거래를 시작해 1분 만에 495원까지 오르며 약 26.6% 상승했다. 하지만 바로 하락하기 시작해 이날 오후 1시30분 현재는 327원 선에 거래되고 있으며 이는 상장가 대비 16% 떨어진 가격이다. 빗썸 역시 같은 날 원화마켓 상장을 단행했으며, 코인원은 이날 오전 11시부터 거래를 시작했다. WLFI 는 바이낸스, 코인베이스, 크라켄 등 해외 주요 거래소에도 동시에 상장됐으며 코인마켓캡 기준 시가총액은 약 8조원에 근접했다. WLFI 는 트럼프 대통령의 차남 에릭 트럼프가 이끄는 디파이 프로젝트 월드 리버티 파이낸셜( World Liberty Financial )의 거버넌스 토큰이다. 트럼프 대통령 본인도 '명예 공동 창업자'로 이름을 올렸으며 트럼프 일가는 전체 WLFI 물량 중 약 25%를 보유하고 있다. 외신에 따르면 이번 상장으로 트럼프 일가의 WLFI 평가 자산은 최대 60억 달러(약 8조원)에 이른다. 다만, 보유 물량에는 일정 기간 매도 제한(락업)이 걸려 있어 즉각적인 현금화는 불가능하다. WLFI 는 단순한 밈코인이 아닌, 디파이 중심 금융 생태계 구축을 목표로 한 프로젝트다. 구체적으로는 탈중앙화 거래소( DEX ), 커스터디, 담보 대출 등 다양한 디파이 서비스와 연동될 예정이다. 해당 프로젝트는 '크립토 뱅크(가상자산 은행)'를 표방하며, 이더리움 등 주요 디파이 자산도 대량 보유하고 있다. 월드리버티파이낸셜( WLFI ) 가상자산 상장 이후 가격 추이. 업비트 캡처. WLFI 생태계에서 사용되는 스테이블코인 'USD 1'도 같은 날 업비트와 빗썸에 상장됐다. USD 1은 미국 달러( USD ) 가치에 1대 1로 연동되는 스테이블코인으로, 테더( USDT ), USDC 등과 유사한 구조를 갖는다. 준비금은 단기 미국 국채, 현금성 자산 등으로 구성돼 있으며, 현재 시가총액은 약 23억 달러(3조원)로 전체 스테이블코인 시장의 0.86%를 차지한다. 업비트는 이더리움 기반 USD 1만 지원하며 빗썸은 이더리움과 바이낸스 스마트체인( BSC ) 기반 모두를 거래 가능하도록 지원하고 있다. WLFI 는 트럼프 대통령 일가가 실질적으로 설계·운영하는 디파이 프로젝트라는 점에서 상징성과 정치적 파급력이 큰만큼 정치적 리스크에 대한 경계도 존재한다. 트럼프의 발언이나 정책, 대외 이벤트에 따라 급등락 가능성이 상존하기 때문이다. 실제 트럼프가 직접 발행한 공식 밈코인 '오피셜 트럼프( Official Trump )'는 상장 직후 1만8000% 이상 폭등했다가 현재 최고가 대비 80% 이상 하락한 상태다. 또한 WLFI 프로젝트를 둘러싼 이해충돌 논란도 제기되고 있다. WLFI 와 연계된 스테이블코인 USD 1이 바이낸스 등과 협력해 대량 유통되고 있다는 점에서 일부에서는 해당 프로젝트가 트럼프 대통령에게 유리한 환경을 조성하기 위한 로비 수단이 아니냐는 의혹도 제기됐다. WSJ 는 자오창펑 전 바이낸스 최고경영자( CEO )가 트럼프의 사면을 바라는 입장이라는 점을 언급하며 USD 1 유통과 정치적 이해관계 가능성을 지적한 바 있다. 이에 대해 백악관 대변인 캐롤라인 레빗은 ""대통령과 그 가족은 이해충돌에 관여한 적도 없으며 앞으로도 없을 것""이라고 선을 그었다. 월드 리버티 CEO 잭 위트코프는 "" WLFI 는 철저히 민간 주도의 사업이며 정치와는 무관하다""고 해명했다."
"이찬진 ""롯데카드 해킹 비상대응체계 가동…피해시 전액 보상""",https://n.news.naver.com/mnews/article/001/0015600459,"해킹 피해 전용 콜센터 운영…금감원, 현장검사 착수 롯데카드 본사 (서울=연합뉴스) 김인철 기자 =  서울 중구 롯데카드 본사 모습. 2025.7.14 yatoya @ yna.co.kr (서울=연합뉴스) 임지우 기자 = 금융당국이 해킹 피해가 발생한 롯데카드에 전용 콜센터를 운영하고, 카드 부정사용 등 피해 발생 시 피해액 전액을 보상하는 절차를 마련할 것을 지시했다. 2일 금융감독원에 따르면 이찬진 금융감독원장은 이날 임원회의에서 이러한 내용의 롯데카드 해킹 사고 관련 소비자 피해 예방 조치 내용을 밝혔다. 이 원장은 금감원에 비상대응체계를 가동하고 현장검사를 통해 사고 원인 및 피해 규모 등을 점검하라고 지시했다. 금감원은 전날 롯데카드로부터 해킹 공격 발생 사실을 보고 받고 이날 금융보안원과 현장검사에 착수해 고객정보 유출 여부 등을 확인하고 있다. 이 원장은 롯데카드 측에도 소비자 피해 최소화를 위한 방안을 마련하도록 조치했다고 밝혔다. 롯데카드 측에 전용 콜센터를 운영하고 이상금융거래 모니터링을 강화하도록 했으며, 카드 부정사용 등 피해가 발생할 경우 전액 보상 절차를 마련하도록 조치했다. 여신전문금융업법 등에 따르면 카드사는 해킹 등에 따른 카드 부정사용이 발생할 경우 보상 책임을 부담해야 한다. 이 원장은 또 롯데카드 고객이 원할 경우 손쉽게 카드를 해지 또는 재발급할 수 있도록 홈페이지에 별도 안내 절차를 마련할 것을 주문했다. 아울러 금융회사 등 금융권 전반에 자체 금융보안 관리체계를 전면 재점검할 것을 당부했으며, 관리 소홀로 인한 금융보안 사고에 엄정한 제재를 할 것이라고 강조했다. wisefool @ yna.co.kr"
"웰컴금융그룹, 제30기 '방정환장학금' 수여식 개최",https://n.news.naver.com/mnews/article/119/0002997794,"지난 30일 열린 제30기 웰컴금융그룹 방정환장학금 증서수여식에서 30기 장학생과 방정환장학금 장학위원(좌측부터 오창호 교수, 박길란 전문위원, 김정자 장학위원장, 손종주 웰컴금융그룹 회장, 김대웅 웰컴저축은행 대표)이 기념사진을 촬영했다.ⓒ웰컴금융그룹 [데일리안 = 박상우 기자]  웰컴금융그룹은 지난 8월 30일 서울시 동작구에 위치한 서울여성가족재단 아트홀봄에서 '제30기 웰컴금융그룹 방정환장학금' 수여식을 개최했다고 2일 밝혔다. 이번 행사에는 웰컴금융그룹 관계자와 한국방정환재단 관계자를 비롯한 30기 방정환장학생과 장학생 가족, 내외빈 등 300여 명이 참석한 가운데 진행됐다. 이날 수여식에는 2011년 처음 시작한 웰컴금융그룹 방정환장학생 1기 선발, 운영부터 지금까지 지난 15년간 방정환장학생들을 위해 헌신하신 김정자 장학위원장의 퇴임식도 함께 진행됐다. 이번에 30기를 맞은 '웰컴금융그룹 방정환장학금'은 꿈과 재능을 가진 인재를 발굴 및 육성하고 기업의 사회적 책임을 다하기 위한 나눔 경영의 일환으로 지난 2011년부터 시작해 올해로 15년째 이어가고 있다. 웰컴금융그룹 방정환장학생은 웰컴금융그룹 고객 및 고객 자녀를 대상으로 학업, 성적, 자기소개서 등을 종합적으로 심사해 최종 선발하고 있다. 이번 30기 방정환장학생은 중학생, 고등학생, 대학생 등 총 343명의 장학생을 선정했다. 이는 2011년부터 시작된 장학사업의 누적 장학생 수를 6345명으로 늘렸으며, 누적 장학금 규모는 96억원을 넘었다. 특히, 이번 기수에는 외국인 고객 대상으로 장학금 혜택을 확대함에 따라 처음으로 외국인 고객이 장학생으로 선발되어 의미를 더했다. 이들은 모두 미얀마국적으로 국내에서 학업을 이어가는데 실질적인 도움을 제공한데 더 큰 의미가 있다. 외국인 장학생을 대표해 자우 묘 윈( ZAW MYO WIN ) 씨는 ""바쁜 직장생활 속에 학업을 병행하는 것이 쉬운 일은 아니지만 전쟁으로 배움의 기회를 잃어버린 미얀마의 어린 학생들이 더 나은 미래를 꿈꿀 수 있도록 한국에서 많은 것을 배워서 돌아갈 생각""이라며 ""웰컴금융그룹 방정환 장학금을 통해 학업에 더욱 전념할 수 있게 되어 감사하다""고 소감을 밝혔다. 웰컴금융그룹은 이번 장학금 지원을 통해 국적과 관계없이 우리 사회의 모든 구성원에게 나눔의 가치를 실현하는 ESG 경영을 강화한다는 방침이다. 웰컴금융그룹 관계자는 ""웰컴금융그룹은 올해로 30번째 방정환장학생을 만나게 됐고, 특히 한국에서 공부 중인 외국인 고객에게도 처음으로 방정환장학금을 전달할 수 있어 뜻깊다""며 ""앞으로도 웰컴금융그룹은 '희망'의 가치를 확산하고, 우리 사회의 긍정적인 변화를 이끌어가는 데 적극적으로 기여할 것""이라고 밝혔다."
고공성장 넥스트레이드…반년 만에 '속도조절' 역설,https://n.news.naver.com/mnews/article/030/0003346241,"국내 최초 대체거래소 '넥스트레이드' 개장식이 지난 3월 4일 서울 여의도 금융투자협회에서 열렸다. 내빈들이 기념 촬영을 하고 있다. 왼쪽부터 최호권 영등포구청장, 이순호 한국예탁결제원 사장, 정은보 한국거래소 이사장, 이복현 금융감독원장, 윤한홍 국회 정무위원장, 김학수 넥스트레이드 대표, 김병환 금융위원장, 서유석 금융투자협회장, 김정각 한국증권금융 사장, 윤창현 코스콤 대표.  이동근기자 foto @ etnews.com 오는 4일로 출범 6개월을 맞는 대체거래소( ATS ) 넥스트레이드( NXT )가 시장 점유율(거래량 기준) 10%대를 돌파했다. 빠른 성장세에도 시행령에 따라 대규모 거래 중단 조치가 불가피해지면서, 제도와 현실 간 괴리가 도마 위에 오르고 있다. 2일 풀무원 등 53개 종목이 거래 제한에 들어간 전날 넥스트레이드의 일평균 거래량은 1억4977만주, 거래대금은 5조9685억원을 기록했다. 이는 지난달 일평균 거래량 1억7605만주, 거래대금 6조8141억원에 비해 각각 15%, 12% 줄어든 수준이다. 넥스트레이드는 이달 1일부터 오는 30일까지 풀무원을 포함한 53개 종목 거래를 중단했다. 앞서 지난달 20일부터 YG 플러스 등 26개 종목이 이미 거래 중지된 바 있다. 총 79개 종목이 제한되면서 현재 714개 종목만 거래되고 있다. 넥스트레이드 관계자는 “향후 거래 상황에 따라 중단 종목과 기간은 달라질 수 있다”고 설명했다. 이 같은 조치는 현행 자본시장법 시행령 때문이다. 대체거래소의 최근 6개월간 일 거래량이 전체 시장 거래량의 15%를 넘지 못하도록 규정하고 있다. 넥스트레이드는 내달 30일까지 평균 점유율을 15% 이하로 유지해야 한다. 빠른 성장세에도 불구하고 넥스트레이드의 고심이 깊어지는 이유다. 지난 3월 출범 당시 거래량 기준 시장 점유율이 1%대에 불과했지만, 불과 석 달 만인 6월에는 16%까지 치솟으며 급성장했다. 이어 7월에도 14%, 일부 종목 거래가 중단된 8월에도 13%를 유지하며 점유율 10%대 안착에 성공했다. 당초 3년 내 점유율 10% 달성 목표를 반년 만에 달성한 것이다. 낮은 수수료, 빠른 거래 속도, 다양한 종목 공급이 투자자들의 선택지를 넓혔다는 평가다. 이 같은 성과에도 불구하고 거래 종목 제한 조치로 인한 투자자 불편은 커지고 있다. 당국이 ATS 활성화를 내세우면서도 시장 점유율을 제한하는 현행 규제는 대체거래소가 일정 규모 이상 성장하기 어렵게 만드는 구조적 모순이라는 지적이 나온다. 강소현 자본시장연구원 선임연구위원은 “규제 회피를 위한 거래 중단은 투자자의 편익 단절, 증권사의 투자 회수 제한, 제도적 불확실성 확대 등 부정적 영향을 낳을 수 있다”면서 “복수거래시장 도입의 성과를 단순한 거래 규모가 아닌 유동성 제고, 가격 개선, 비용 절감, 기술혁신 등 질적 측면까지 종합적으로 평가해야 한다”고 강조했다. 넥스트레이드가 한국거래소 인프라에 의존하는 만큼, 대체거래소의 몸집이 지나치게 커질 경우 '무임승차' 논란이 불거질 수 있다는 시각도 존재한다. 금융당국은 현행 제도의 적정성 여부를 검토 중이다."
"신한은행, 새희망홀씨대출 특별지원 우대금리 확대 시행",https://n.news.naver.com/mnews/article/014/0005400315,"새희망홀씨대출 특별지원 우대금리 1.0%p→1.8%p 확대 이자부담 완화로 서민금융 활성화·금융소비자 보호 강화 신한은행 제공 [파이낸셜뉴스] 신한은행은 오는 5일부터 ‘새희망홀씨대출 특별지원 우대금리’를 기존 1.0%p에서 1.8%p로 확대 시행한다고 2일 밝혔다. 이번 조치는 저금리 서민금융 공급을 활성화하고 금융취약계층의 고금리 시장 유입을 줄이는 한편 금융소비자 권익을 높이기 위한 취지다. 신한은행은 우대금리 확대를 통해 새희망홀씨대출에 최저 연 4%대 수준의 신규 취급금리를 적용해 서민 고객의 금융비용 부담을 낮출 계획이다. 또 신한은행은 지난 7월부터 ‘헬프업 & 밸류업’ 프로그램의 일환으로 대출이자가 연 9.8%를 초과하는 가계대출에 대해 만기까지 최대 1년간 9.8%로 인하하는 조치를 시행하고 있다. 올해 상반기에는 ‘새희망홀씨대출 성실상환 캐시백 프로그램’을 통해 성실 상환 고객에게 10만원 캐시백을 제공해 총 1만246명에게 10억원 규모의 이자 지원을 실시했다. 신한은행 관계자는 “새희망홀씨대출 특별지원 확대는 정부의 서민금융 강화 정책과 맥을 같이 하며, 금융취약계층의 부담 경감과 소비자 보호를 강화를 동시에 실현하기 위한 조치”라며 “앞으로도 서민금융 지원을 통해 금융의 따뜻함을 더 많은 고객이 체감할 수 있도록 최선을 다하겠다”고 말했다."
구글 웨이모 뉴욕 누비는데 한국은 여전히 전통 택시...한은 “기금 만들어 면허 매입해야”,https://n.news.naver.com/mnews/article/014/0005400313,"글로벌 자율주행시장 2034년에 1900억달러로↑ 성장 동력·소비자 이익 고려할 때 도입은 불가피 대비 없으면 기존 택시종사자 피해 더 확대 전망 한은 ""기금 만들어 면허 매입...구조개혁 추진"" 뉴스 [파이낸셜뉴스] 택시발전기금을 통해 개인택시 면허를 매입하는 등 자율주행택시 도입 관련 기술 규제를 과감히 혁신해야 한다는 제언이 나왔다. 웨이모와 바이두와 같이 주요국의 자율주행 택시 경쟁이 치열해지며 관련 산업 규모가 10년내 2000억달러 수준까지 확대될 것으로 전망되는 만큼 경쟁력 확보를 위한 구조조정을 서둘러야 한다는 지적이다. ■우버·타다 접근 금지한 韓...""글로벌 경쟁력↓"" 한국은행 제공. 2일 한국은행이 발표한 ‘ BoK 이슈노트: 자율주행시대, 한국 택시서비스의 위기와 혁신방향’에 따르면 자율주행택시 시장을 선도하고 있는 미국과 중국의 정보기술( IT ) 기업들은 각각 14조원 이상의 자금을 자율주행택시개발에 쏟으며 1억 Km 이상의 실주행 데이터를 기반으로 자율주행 인공지능( AI )을 훈련시키고 있다. 이에 지난해 약 30억달러 수준인 자율주행 택시 시장 규모는 10년간 연평균 51.4% 성장해 2034년 1900억달러에 달할 것으로 예측된다. 문제는 우리나라의 경우 자율주행택시 상용화가 지연되면서 자동차제조 강국임에도 경쟁력이 뒤처지고 있다는 점이다. 정보통신기획평가원에 따르면 지난 2022년 기준 한국의 자율주행차 기술은 미국 대비 89.4% 수준으로 중국(95.4%)보다도 낮았다. 또한 지난해 기준 글로벌 자율주행기술 상위 20위 기업 중 한국 기업은 1곳에 그친 반면, 미국과 중국은 선도기업인 웨이모와 바이두를 포함해 각각 14개 및 4개를 보유하고 있다. 한국은행 제공. 한은은 이같은 택시시장 경쟁력 저하의 배경에 전통 택시산업만을 보호하는 정책이 있다고 평가했다. 지난 2009년 승차공유서비스 우버가 등장한 이후 주요국의 택시시장이 공급자 중심보다는 소비자 중심으로 발전한 것과 달리, 한국은 유상운송을 관장하는 여객자동차법이 전통 운송사업자의 공공성과 직업 안정성을 보호하는 방향으로 수차례 개정이 이루어졌다는 것이다. 한은은 “보호정책이 오히려 택시서비스의 경쟁력 개선에 부정적 영향을 미쳤다는 비판이 많다”며 “고가의 면허 매입절차 없이 젊은 운전자들도 쉽게 사업을 시작할 수 있는 승차공유는 진입이 막혀있고 택시기사의 고령화는 심화되면서 전체 택시시장의 규모 자체까지 줄어들었다”고 설명했다. ■기금 만들어 선제적으로 택시 면허 매입해야 한국은행 제공. 한은은 자율주행택시 진입을 계속 차단하기도 어려울 것으로 전망했다. 국가경쟁력 확보 필요성이 커지고 소비자의 요구, 무역갈등 소지 등으로 도입압력 높아질 것이라는 지적이다. 이에 자율주행택시와 경쟁이 힘든 개인택시 비중이 높은 현실을 고려해 자율주행택시 도입을 위한 규제 완화를 진행해야 한다고 제언했다. 우선 보상안이 결합된 개인택시 비중 축소 방안을 마련하기 위해 정책당국이 택시종사자들이 수용 가능한 금액을 제시하고 택시면허를 매입할 필요가 있다고 지적했다. 자율주행택시라는 새로운 택시서비스가 시장에 진입하기 위해서는 기존 종사자들의 배타적 영업권을 매입해 개인택시 비중이 줄어들 여지를 확보해야 한다는 것이 한은의 설명이다. 이를 위해 택시면허 매입 주체인 택시발전기금을 설치할 필요가 있으며 이때 매입정책이 원활히 작동하기 위해서는 기금수입원 확보도 중요하다고 했다. 한국은행 제공. 아울러 신속한 제도 시행을 위해서는 지방 중소도시부터 성공사례를 만든 후 전국으로 확산시키는 순차적인 개혁이 현실적이라고 평가했다. 대중교통 인프라가 상대적으로 미흡해 자율주행택시 도입에 대한 소비자 수용성이 높고, 자율주행 관련 테스트 환경이 우호적이며, 기존 택시면허 매입 부담이 상대적으로 작은 중소도시부터 도입해야 한다는 것이다. 한은 ""국가경쟁력 제고 필요성, 택시종사자의 고령화, 소비자의 수요 등으로 결국에는 자율주행택시를 수용해야만 할 가능성이 크다""라며 ""자율주행택시가 진입할 수 있도록 규제를 완화하고 적절한 보상안을 통해 개인택시비중을 줄여 관련 종사자들의 피해를 최소화할 수 있는 구조개혁안을 마련할 필요가 있다""라고 말했다."
"롯데카드 해킹에…이찬진 ""관리 소홀 금융 보안 사고, 엄정 제재""",https://n.news.naver.com/mnews/article/015/0005178905,"이찬진 금융감독원장./사진=연합뉴스 이찬진 금융감독원장은 2일 ""관리 소홀로 인한 금융 보안 사고에 대해서는 엄정하게 제재할 것""이라고 밝혔다. 롯데카드 해킹 사고를 계기로 보안 사고에 대한 경각심을 주려는 것으로 풀이된다. 이 원장은 이날 임원 회의에서 ""롯데카드 해킹 사고로 금융시장에 대한 소비자의 불안·불신이 증폭될 수 있다""며 ""소비자 피해 예방을 최우선으로 하고, 전자금융거래가 더 안정적으로 이뤄지도록 신속하고 면밀한 대응에 힘쓰라""고 지시했다. 금감원 내 비상 대응체계를 가동하고, 현장검사를 통해 사고 원인 및 피해 규모 등을 철저히 점검하라고 했다. 필요하면 소비자 유의 사항을 전파하는 등 소비자경보 발령도 진행될 예정이다. 소비자 피해를 최소화하기 위해 회사 내에 전용 콜센터를 운영하고 이상 금융거래 모니터링을 강화하는 한편, 혹시 모를 부정 사용 발생 시 피해액 전액을 보상하는 절차를 마련해 금융소비자의 피해가 없도록 조치하라고 당부했다. 이 원장은 ""최고경영자( CEO ) 책임 아래 소비자 보호 관점에서 자체 금융 보안 관리체계를 전면 재점검해야 한다""며 ""관리 소홀로 인한 금융 보안 사고에 대해서는 엄정하게 제재할 것""이라고 강조했다. 앞서 금감원은 이날 오전 금융보안원과 함께 롯데카드에 대한 현장검사에 착수했다. 지난 1일 롯데카드가 해킹 관련 전자금융사고 발생 사실을 금감원에 보고한 지 하루만이다. 금감원은 고객정보 유출 여부 등 사실관계 확인에 나설 방침이다. 롯데카드는 지난달 26일 서버 점검 과정에서 특정 서버의 악성 코드를 확인하고 이후 전체 서버를 대상으로 정밀 조사를 진행했다. 조사 결과 3개 서버에서 2종의 악성 코드와 5종의 웹 셸이 발견돼 즉시 삭제했다. 웹 셸은 해커가 원격으로 웹 서버를 제어할 수 있도록 하는, 웹 서버에 특화된 악성 코드다. 이어 지난달 31일에는 온라인 결제 서버에서 해커가 자료 유출을 시도한 흔적도 확인했다. 다만 고객 정보 등 주요 자료의 외부 유출이나 랜섬웨어 감염 사실은 아직 발견되지 않았다는 입장이다."
"“롯데카드 해킹, 2차 피해 가능성 높아”…금감원 현장검사 착수",https://n.news.naver.com/mnews/article/030/0003346226,"ⓒ게티이미지뱅크 금융감독원이 해킹 공격을 당한 롯데카드 현장 검사에 착수했다. 2일 금감원은 금융보안원과 롯데카드 고객정보 유출 여부 등 사실관계를 확인하고 있다고 밝혔다. 롯데카드는 지난달 26일 서버 점검 중 일부 서버가 악성코드에 감염된 것을 확인하고, 전체 서버를 점검하는 과정에서 3개 서버에서 2종의 악성코드와 5종의 웹셸( web shell )을 발견해 삭제했다. 이후 지난달 31일 온라인 결제 서버에서 외부 공격자가 자료 유출을 시도한 흔적을 발견하고 전날 금융당국에 신고했다. 정보보호 전문가들은 롯데카드 서버에서 웹셸 3종이 발견된 점에 주목한다. 웹셸은 해커가 웹서비스를 제공하는 웹서버에 몰래 숨어들어 원격으로 서버를 조종할 수 있도록 만든 해킹 프로그램이다. 웹셸이 실행되면 공격자는 원격으로 웹 서버를 제어할 수 있는 셸( Shell ) 권한을 얻는다. 한 사이버 보안기업 대표는 “악성코드는 해커가 해킹하고 난 뒤 남겨진 일종의 현상일 뿐 근본 원인이 아니다”라며 “웹셸이 발견됐다면 웹셸을 최초 관문으로 봐야하며 해커가 취약한 웹보안을 고리로 침투했을 가능성이 높다”고 말했다. 그러면서 “구버전의 웹환경으로 보안 취약점을 드러낸 형국”이라고 덧붙였다. 이미 서버 내에 일정기간 잠복해 있던 만큼 롯데카드가 금감원에 보고한 데이터 외에도 추가적인 정보가 빠져나갔을 가능성을 배제할 수 없다는 의미다. 롯데카드가 금감원에 보고한 유출 정보는 1.7 Gb 안팎으로 집계된다. 거래 데이터의 경우 텍스트 파일 형태로 저장되는 만큼 약 못해도 두세달 상당의 거래 정보가 담겼 것으로 추정하고 있다. 유출된 거래 정보를 바탕으로 추가적인 공격 시도가 있을 가능성도 존재한다. 해킹 공격이 롯데카드가 ISMS-P 인증을 취득한지 한 달도 채 지나지 않아 벌어진 사건이라는 점도 문제다. 정보보안업계에 따르면 이번 공격은 이미 2017년 발견돼 패치 배포까지 완료된 취약점이 매개가 된 것으로 알려졌다. 금융권의 보안 인증이 형식적 점검 항목 준수에만 그친 셈이다. 한편 제 2의 소비자 피해가 우려되면서 금융당국은 롯데카드에 전용 콜센터를 운영하고, 카드 부정사용 등 피해 발생 시 피해액 전액을 보상하는 절차를 마련할 것을 지시했다. 이찬진 금융감독원장은 임원회의에서 롯데카드 해킹 사고 관련 소비자 피해 예방 조치 내용을 밝혔다. 금감원에 비상대응체계를 가동하고 현장검사를 통해 사고 원인 및 피해 규모 등을 점검하라고 지시했다. 이 원장은 롯데카드 측에도 소비자 피해 최소화를 위한 방안을 마련하도록 조치했다고 밝혔다."
"이찬진 ""롯데카드 침해사고, 소비자 피해 예방 최우선""",https://n.news.naver.com/mnews/article/018/0006105103,"임원회의서 당부 ""금융회사, CEO 책임 하 보안체계 전면 재점검"" ""관리 소홀로 인한 사고 시 엄정 제재"" [이데일리 김국배 기자] 이찬진 금융감독원장은 2일 “최근 발생한 롯데카드 침해 사고로 소비자 불안·불신이 증폭될 수 있다”며 “소비자 피해 예방을 최우선으로 해달라”고 말했다. 이찬진 금감원장. (사진=금감원) 이 원장은 이날 임원회의에서 롯데카드 사이버 침해사고와 관련해 “전자 금융거래가 보다 안정적으로 이뤄지도록 신속하게 면밀한 대응에 힘써달라”며 이 같이 말했다. 그러면서 “우선 금감원 내 비상대응 체계를 가동해 유기적으로 대응하고, 현장 검사를 통해 사고 원인과 피해 규모 등을 철저히 점검하라”며 필요시 소비자 유의사항 전파 등 소비자 경보를 발령할 것을 지시했다. 금감원은 롯데카드에 소비자 피해 최소화를 위해 사내 전용 콜센터를 운영하고, 이상금융 거래 모니터링을 강화하도록 했다. 또 부정 사용 발생시 피해액 전액을 보상하는 절차를 마련하도록 조치했다. 아울러 소비자가 원하는 경우 해킹 피해를 직접 차단할 수 있도록 손쉽게 카드 해지나 재발급을 할 수 있도록 홈페이지에 별도 안내 절차를 마련할 것을 주문했다. 이 원장은 “금융회사 경영진은 정보보안을 단순한 규제 준수 차원이 아닌 고객 신뢰 구축의 기반으로 삼아야 한다”며 “ CEO 책임 하에 소비자 보호 관점에서 자체 금융 보안 관리 체계를 전면 재점검해달라”고 당부했다. 또 “관리 소홀로 인한 금융 보안 사고에 대해서는 엄정 제재하겠다”고 강조했다. 이날 금감원은 롯데카드 해킹 사고 관련 현장 검사에 착수했다. 현재 금융보안원과 함께 고객 정보 유출 여부 등 사실 관계를 파악 중이다. 금감원 관계자는 “금융 소비자 피해가 발생하지 않도록 사실관계를 신속히 규명해 필요한 조치를 강구하겠다”고 했다."
"한은 ""자율주행택시 도입 불가피…규제 완화·보상책 필요""",https://n.news.naver.com/mnews/article/119/0002997783,"한은, '자율주행시대 한국 택시서비스의 위기와 혁신방안' 글로벌 자율주행택시 시장 규모 연 평균 51.4% 성장 전망 미국·중국 IT 기업, 14조 이상 투자…한국 比 10배 이상 ↑ 글로벌 자율주행기술 상위 20개 기업 중 국내 기업 1곳 뿐 국내 자율주행택시 시장 진입을 위해 택시면허 총량 규제 완화가 필요하다는 진단이 나왔다.ⓒ게티이미지뱅크 [데일리안 = 박상우 기자] 국내 자율주행택시 시장 진입을 위해 택시면허 총량 규제 완화가 필요하다는 진단이 나왔다. 다만, 면허 축소에 따른 업계 반발을 고려해 종사자 보호를 위한 보상책도 함께 마련해야 한다는 지적이다. 한국은행은 2일 발표한 'BOK 이슈노트: 자율주행시대 한국 택시서비스의 위기와 혁신방안' 보고서를 통해 이같이 밝혔다. 작성자는 노진영 통화정책국 정책제도팀장과 김좌겸 뉴욕사무소 차장, 엄태균 과장, 임준성 구조분석팀장 등 4명이다. 보고서에 따르면 글로벌 자율주행택시 시장 규모는 지난해 약 30억달러에서 2034년 1900억달러로 연평균 51.4% 성장할 것으로 전망된다. 자율주행택시 시장을 선도하는 미국과 중국의 IT 기업들은 14조원 이상을 자율주행택시 개발에 투자했고, 1억 km 이상의 실주행 데이터를 축적했다. 한국과 비교해 10배 이상 차이나는 규모다. 반면, 한국의 택시서비스는 아직까지 전통적 개념의 택시 위주로 시장이 유지되고 있고 자율주행택시는 아직 본격적인 테스트조차 못하고 있는 상황이다.자율주행택시가 보편화될수록 기존 유인택시산업을 위협할 것이라는 우려가 크다는 점 때문이다. 지난해 기준 글로벌 자율주행기술 상위 20개 기업 중 한국 기업은 1곳에 그친 것으로 전해졌다. 반면 미국과 중국은 각각 14개, 4개를 보유하고 있다. 보고서는 ""전통 택시산업 보호에 초점을 둔 각종 규제로 인해 시장이 기술발전이나 수요변화에 탄력적으로 대응하지 못함에 따라 새로운 택시서비스 출시가 지체되고 결과적으로 소비자 선택권까지 제한받고 있다""고 지적했다. 그러면서 ""한국의 자율주행 기술 수준이 미·중 등 주요국과 격차가 벌어지고 있다""며 ""특별한 개선 노력이 없다면 외국의 소프트웨어에 자동차를 맞춤 제작하는 추종자 입장에 놓일 가능성이 크다""고 덧붙였다. 이에 따라 보고서는 택시 산업 구조개혁을 통한 연착륙 방안을 마련해야 한다고 주장했다. 구조개혁의 구체적 방안으로는 △자율주행 택시 진입을 위한 규제 완화 △보상안이 결합된 개인택시 비중 축소 방안 마련 △지방에서 전국으로의 순차적 확산 등을 제시했다. ▼ 관련기사 보기 한은, 올해 성장률 0.9%로 상향…건설업 불황에도 수출·소비 견인 https :// www.dailian.co.kr / news / view /1541557 한은, 기준금리 2.5% 동결…내수 회복에도 집값·가계부채 부담 https :// www.dailian.co.kr / news / view /1541480 특히 자율주행 택시의 진입 통로를 열기 위해 면허 총량 제한과 테스트 규제 완화가 시급하며, 동시에 기존 기사들을 위한 출구전략 마련이 필요하다고 주장했다. 기존 택시기사들에 대한 보상안도 제시했다. 자율주행택시가 상용화될 경우 영세한 개인택시기사들의 피해가 커질 수 있다는 것이다. 서울 개인택시 면허는 약 4만9000개로 총 매입가격은 5조9000억원(건당 1억2000만원)에 달한다. 보고서는 택시 요금의 10% 부과시 5년간 2조3000억원의 택시 면허 매입 기금을 조성할 수 있다고 분석했다. 아울러, 구조개혁안을 지방 중소도시에서 시작해 확산해야 한다고 제안했다. 제도변화에 따른 혼란을 최소화하고 관련 절차를 신속하게 이행하기 위해서는 지방 중소도시부터 성공사례를 만든 후 전국으로 확산시키는 순차적인 개혁이 현실적일 것이라는 설명이다. 끝으로 보고서는 ""과거 우버, 타다 등 승차 공유서비스 도입에 따른 사회적 갈등 이후 새로운 택시서비스 도입에 회의적 시각이 우세하다""며 ""하지만, 결과적으로는 혁신 기술이 불러올 택시 산업의 변화를 받아들일 수밖에 없다는 점을 국민과 이해당사자들이 공감하고 기존 택시 산업 연착륙 비용을 사회가 분담하는 방향으로 여론 수렴이 필요하다""고 강조했다."
"웰컴금융그룹, 제30기 '방정환장학금' 수여식 개최",https://n.news.naver.com/mnews/article/030/0003346223,"지난달 30일 동작구 서울여성가족재단에서 개최된 제30기 웰컴금융그룹 방정환장학금 증서수여식에서 30기 장학생과 방정환장학금 장학위원 (왼쪽부터)오창호 교수, 박길란 전문위원, 김정자 장학위원장, 손종주 웰컴금융그룹 회장, 김대웅 웰컴저축은행 대표가 기념촬영을 하고 있다.(사진=웰컴금융그룹) 웰컴금융그룹(회장 손종주)은 지난달 30일 서울시 동작구에 위치한 서울여성가족재단 아트홀봄에서 '제30기 웰컴금융그룹 방정환장학금' 수여식을 개최했다고 2일 밝혔다. 행사는 웰컴금융그룹 관계자와 한국방정환재단 관계자를 비롯 30기 방정환장학생 및 장학생 가족, 내외빈 등 300여명이 참석한 가운데 진행됐다. 수여식에선 김정자 장학위원장 퇴임식도 함께 진행됐다. 30기를 맞은 '웰컴금융그룹 방정환장학금'은 꿈과 재능을 가진 인재를 발굴 및 육성하고, 기업 사회적 책임을 다하기 위한 나눔 경영 일환으로 지난 2011년 시작돼 올해로 15년째 이어지고 있다. 방정환장학생은 웰컴금융그룹 고객 및 고객 자녀를 대상으로 학업, 성적, 자기소개서 등을 종합적으로 심사해 최종 선발하고 있다. 이번 30기 방정환장학생은 중학생, 고등학생, 대학생 등 총 343명을 선정했다. 누적 장학금 규모는 96억원을 넘었다. 특히 이번 기수에는 외국인 고객 대상으로 장학금 혜택을 확대함에 따라 처음으로 외국인 고객이 장학생으로 선발돼 의미를 더했다. 이들은 모두 미얀마 국적으로 국내에서 학업을 이어가는데 실질적인 도움을 제공했다. 외국인 장학생을 대표 자우 묘 윈( ZAW MYO WIN ) 씨는 “바쁜 직장생활 속에 학업을 병행하는 것이 쉬운 일은 아니지만 전쟁으로 배움의 기회를 잃어버린 미얀마 어린 학생들이 더 나은 미래를 꿈꿀 수 있도록 한국에서 많은 것을 배워서 돌아갈 생각”이라 소감을 전했다. 웰컴금융그룹은 이번 장학금 지원을 통해 국적과 관계없이 우리 사회 모든 구성원에게 나눔 가치를 실현하고 ESG 경영을 강화한다는 방침이다. 웰컴금융그룹 관계자는 “올해로 30번째 방정환장학생을 만나게 됐고, 특히 한국에서 공부 중인 외국인 고객에게도 처음으로 방정환장학금을 전달할 수 있어 뜻깊다”며 “앞으로도 웰컴금융그룹은 희망 가치를 확산하고 우리 사회 긍정적인 변화를 이끌어가는 데 적극적으로 기여할 것”이라 말했다."
"롯데카드, 해킹 사고 17일간 몰랐다…""결제내역 등 유출 의심""",https://n.news.naver.com/mnews/article/001/0015600333,"금감원, 강민국 의원실에 보고…""사고 발생 8월 14일, 파일 유출 2회"" 긴급 현장검사 착수…롯데카드 ""비밀번호 변경 안내할 것"" 롯데카드 [연합뉴스 자료사진] (서울=연합뉴스) 임수정 임지우 기자 = 롯데카드가 해킹 사고를 당하고도 보름 넘게 이를 파악하지 못한 것으로 드러났다. 결제 내역 등 고객정보 유출 가능성이 제기되면서 금융당국이 긴급 현장검사에 착수했다. 2일 금융감독원이 국회 정무위원회 소속 강민국 의원실에 보고한 자료에 따르면 롯데카드에 최초 해킹 사고가 발생한 시점은 지난달 14일 오후 7시 21분께다. 이날과 15일 이틀에 걸쳐 온라인 결제 서버 해킹이 이뤄졌는데, 실제 내부 파일이 외부로 반출된 것은 2회로 파악됐다. 해커는 지난달 16일에도 해킹 시도를 이어갔으나, 이때는 파일 반출에 실패했다. 그러나 롯데카드가 해킹 사고를 인지한 시점은 지난달 31일 정오께다. 사고 발생 후 17일이 지나서야 사태를 알게 된 셈이다. 금융당국 신고는 전날에서야 이뤄졌다. 롯데카드에 따르면 유출된 데이터 규모는 약 1.7기가바이트( GB ) 정도로 파악됐다. 금감원은 반출 파일에 포함된 정보의 구체적 내용을 파악 중이다 . 다만 금감원은 ""반출 실패한 파일을 토대로 추정할 때 카드 정보 등 온라인 결제 요청 내역이 포함된 것으로 보인다""고 보고했다. 고객정보 유출 가능성을 염두에 뒀다는 의미다. 롯데카드도 금감원에 ""백신 추가 설치, 악성코드 진단 조치 이외에 정보 유출 가능 고객을 확인해 카드 비밀번호 변경 등을 안내하겠다""고 보고했다. 금감원은 이날 사실관계를 확인을 위한 롯데카드 현장검사에 착수했다. 금감원은 ""소비자 피해가 발생하지 않도록 사실관계를 신속히 규명해 필요한 조치를 강구할 것""이라고 말했다. 강민국 의원은 ""올해 6월까지만 해킹 사고 4건에 유출된 정보가 3천142건이나 된다""며 ""해킹에 따른 피해에 비해 금융당국 제재 수위가 약한 것도 원인 중 하나""라고 지적했다. 그러면서 ""개인정보 유출은 한번 터지면 2차, 3차 범죄로까지 이어지는 대형 금융 사고""라며 ""해킹 사고에 금융당국의 제재 강화 방안 마련이 시급하다""고 강조했다. sj 9974@ yna.co.kr"
"이억원 청문회, 금융당국 개편 논란 ""열흘짜리 위원장, 취임하면 뭐 하나""",https://n.news.naver.com/mnews/article/417/0001098846,"금융위 해체 후 재경부 장관 이동설… 여야 충돌 이억원 금융위원장 후보자 2일 서울 여의도 국회에서 열린 국회 정무위원회에서 열린 인사청문회에 출석해 의원 질의에 답변하고 있다./사진-뉴시스 이억원 금융위원장 후보자의 인사청문회에서 금융당국 조직개편에 따른 금융위원회 해체 논란이 제기됐다. 당정은 오는 25일 국회 본회의에서 금융당국 개편안을 담은 정부조직법 개정안을 처리한다고 밝혔고 야당은 '열흘짜리 금융위원장'의 인사청문회를 연기해야 한다고 지적했다. 2일 이억원 후보자는 국회 정무위원회 인사청문회에서 국민의힘 의원의 '금융위 해체 찬성하나. 반대하나'라는 질의에 ""안이 나오지 않은 것과 관련 언급하는 것은 적절하지 않다""며 이같이 말했다. 이 의원이 '소신이 전혀 보이지 않는다'고 지적하자 ""내용이 공개되고, 그것에 대해 의견을 피력할 기회가 생기면 필요한 이야기를 할 것""이라고 답했다. '금융위 해체 후 재경부와 합쳐지면 재경부 장관으로 갈 생각이냐'는 질의에는 ""전혀 그렇지 않다""고 부인했다. 이날 이 후보자에 대한 인사청문회는 '금융위 해체'를 둘러싼 여야 공방에 시작 후 10여분 만에 정회 후 재개됐다. 야당 간사인 강민국 국민의힘 의원은 ""금융위원회가 그대로 존치한다는 전제하에서 청문회를 진행한다""며 ""금융위원회 조직 개편 등 상반된 내용이 나온다면 정무위에선 그런 부분은 다를 수 없다는 것을 미리 전제로 둔다""고 말했다. 여당 간사인 강준현 더불어민주당 의원은 ""어제 당정 간담회는 개편 관련 설명을 듣고 논의하는 자리며 해체가 아니라 기능 조정임을 말씀드린다""며 ""간판을 바꾼다고 해서 기관의 책임이 사라지지 않듯 인사청문회도 당연히 필요하다""고 말했다. 박범계 의원은 ""국정기획위원회가 금융위 조직개편 문제를 논의한 이후 대통령께서 이 후보자를 지명한 것""이라면서 ""일부 언론에서 말하는 해체론은 근거가 없다. 야당 위원들의 동의를 받지 않는 금융위 개편은 가능하지 않다""고 강조했다. 한편 정무위 소속 민주당 의원들은 전날 대통령실과 금융위 해체 등을 골자로 한 경제부처 조직 개편안을 논의했다. 오는 25일 해당 내용을 담은 정부조직법의 국회 처리 방침 등을 확인한 자리다. 국정위 안은 금융위가 맡은 국내 금융정책은 기재부로 이관하고, 금융위와 금융감독원을 합쳐 금융감독위원회로 개편하는 내용이 담긴 것으로 알려졌다."
"우리금융, 강릉 가뭄 피해 극복 위해 2L 생수 20만병 기부",https://n.news.naver.com/mnews/article/119/0002997779,"우리금융그룹이 극심한 가뭄으로 생활에 큰 불편을 겪고 있는 강릉시에 2L 생수 20만병을 긴급 지원했다. ⓒ우리금융그룹 [데일리안 = 정지수 기자] 우리금융그룹이 극심한 가뭄으로 생활에 큰 불편을 겪고 있는 강릉시에 2L 생수 20만병을 긴급 지원했다고 2일 밝혔다. 이번에 전달된 생수는 대한적십자사를 통해 강릉시청에 전달돼, 긴급 생활용수 등 다양한 용도로 지역 취약계층에 우선적으로 공급할 계획이다. 우리금융은 그 동안 국내 재난·재해가 발생할 때마다 선제적으로 구호 활동에 나서 기업의 사회적 책임을 실천해 왔다. 현재 강릉시 가뭄 피해 상황을 지속적으로 모니터링하고 있으며, 필요시 추가적인 지원도 할 예정이다. 임종룡 우리금융 회장은 ""오봉저수지 저수율이 15% 이하로 떨어지는 등 강릉시 지역 주민 생활의 어려움이 가중되고 있어 일상생활 지원을 위해 생수를 긴급하게 기부했다""며 ""우리금융은 사회적 책임을 다하기 위해 노력을 아끼지 않을 것""이라고 밝혔다."
"하나금융, '사랑의 생명나눔, 헌혈캠페인' 실시",https://n.news.naver.com/mnews/article/277/0005645637,"임직원의 자발적 헌혈 참여를 통해 ESG 경영가치 강화 지역사회 의료 현장의 혈액 부족 문제 해소 및 공공보건 증진에 기여 하나금융그룹은 그룹 임직원이 자발적으로 참여하는 '사랑의 생명나눔' 헌혈 캠페인을 8월 26일부터 오는 9월 11일까지 진행한다고 2일 밝혔다. 이번 행사는 혈액 부족 문제로 어려움을 겪는 지역사회 의료 현장에 도움을 주고, 소중한 생명을 지키기 위해 마련됐다. 이번 헌혈 캠페인은 전 그룹 계열사 임직원이 자발적으로 참여하며 지난달 26일 하나금융그룹 여의도 사옥을 시작으로 이번 달 2일 명동 사옥, 8일 강남 사옥, 11일 청라 사옥에서 순차적으로 진행한다. 각 사옥별로 오전 9시부터 오후 4시까지 헌혈 차량을 배치하고, 특히 현장 접수 외에도 사전 신청을 통해 대기시간을 최소화해 하나금융그룹의 사회적 책임 실천에 임직원들이 적극적으로 동참할 수 있도록 했다. 또한 하나금융그룹은 헌혈 캠페인 기간 동안 사내 게시판을 통해 퀴즈 풀기, 응원 댓글, 새롭게 기획한 'RED DAY' 헌혈 드레스코드 이벤트를 진행해 임직원 간 연대감과 참여의식을 높여 캠페인의 의미를 더욱 확산시킬 예정이다. 하나금융그룹 ESG 상생금융팀 관계자는 ""환자들의 생명을 살리는데 필요한 혈액 수급에 기여하고, 헌혈 문화 확산을 위해 임직원들과 함께 캠페인을 실천하고 있다""며 ""소중한 생명을 살리는 일에 그룹 임직원들이 함께 할 수 있도록 다양하고 진정성 넘치는 ESG 활동을 이어 나가겠다""고 밝혔다. 하나금융그룹은 이외에도 걸음 기부 캠페인, 의류 기부 캠페인, 임직원 대상 심폐소생술 안전 교육, 혹서기 취약 어르신을 위한 삼계탕 봉사활동 실시, 장애인 가족을 위한 여름나기 행복 상자 전달 등 다양한 사회공헌 활동에 앞장서고 있다."
"주가 반등 시작되나…백종원, 상생 위해 사재 100억 원 출연[이런국장 저런주식]",https://n.news.naver.com/mnews/article/011/0004528081,"개인 보유 주식 92만 337주 담보로 대출 주가는 바닥 넘어 지하실···연일 신저가 주가 오후 1시 40분 현재 1%대 상승 중 백종원 더본코리아 대표. 연합뉴스 [서울경제] 백종원 더본코리아 대표가 상생 경영 실천을 위해 개인 주식을 담보로 100억 원이 넘는 자금을 조달한다고 발표하자 더본코리아 주가가 상승 중이다. 2일 한국거래소에 따르면 이날 오후 1시 40분 현재 더본코리아 주가는 전 거래일 대비 250원(1.05%) 오른 2만 4050원에 거래 중이다. 이날 전 거래일 대비 0.21% 오른 2만 3900원에 장을 시작한 더본코리아 주가는 이내 하락 전환했다. 장 중 한때 더본코리아 주가는 전 거래일 대비 -0.21% 하락하며 전날 경신한 52주 신저가를 다시 쓸 위기에 직면했지만 이후 상승 폭을 키웠고 장 중 한 때 주가가 전 거래일 대비 2.52% 상승하기도 했다. 백 대표의 상생 경영 실천 의지가 주가를 밀어올린 것으로 풀이된다. 업계에 따르면 백 대표는 최근 개인 보유 주식 92만 337주를 담보로 담보 대출 20억 원과 한도 대출 100억 원 등 총 120억 원 규모 대출 약정을 체결했다. 백 대표는 이 중 100억 원을 활용해 상생위원회가 지속가능하게 운영될 수 있도록 재정적 기반을 마련하다는 구상이다. 더본코리아 관계자는 “120억 원 중 100억 원의 한도 대출 약정 금액은 백 대표의 사재 출연 자금”이라며 “지난 6월 발족한 상생위원회 운영과 안건 실행 비용 등에 순차적으로 활용될 예정”이라고 설명했다. 올 6월 출범한 더본코리아 상생위원회는 가맹점 대표와 본사 임원, 외부 위원 등 3각 구도를 통한 실질적인 상생 구조를 제도화하는 공식 협의체로 매달 한 차례 정기 회의를 개최하고 있다. 상생위원회 출범 당시 백 대표는 “한 분의 점주도 두고 가지 않겠다”며 협의체 활성화를 위한 사재 출연을 약속했었다. 실제 상생 위에서는 ▲배달 매출 수수료 50% 감면 ▲월세 카드 결제 서비스 도입 ▲전문화된 마케팅 지원 등 가맹점주들을 위한 지원 방안을 골자로 하는 안건이 잇달아 결정됐다．"
"콘서트 입장, 신분증 검사 필요없다… 앞으로 '얼굴'만 있으면 끝",https://n.news.naver.com/mnews/article/008/0005244412,"토스 페이스페이 정식 출시, 내년까지 전국 100만개 가맹점 깔려 결제와 동시에 신분 인증도 진행… 얼굴만 있으면 주민등록증 필요 없어 페이스페이 안전성 강조… ""해킹당해도 원본 데이터 취득 불가능"" 오규인 토스 부사장이 2일 서울 강남구 에스제이쿤스트할레에서 ‘토스 페이스페이’ 정식 출시를 선언하며 발표를 진행하고 있다./사진제공=토스 앞으로 술·담배를 살 때나 콘서트장에 입장할 때 주민등록증을 챙겨가지 않아도 된다. 토스의 얼굴 인식 간편결제인 '페이스페이'를 사용하면 성인 인증까지 자동으로 진행돼서다. 토스는 내년까지 전국 100만개 매장으로 페이스페이를 확산한다. 안전성 우려가 나오지만 토스는 설령 해킹당하더라도 사용자 얼굴 원본 데이터가 유출되는 일은 없다고 강조한다. 토스는 2일 서울시 강남구 에스제이쿤스트할레에서 기자간담회를 열고 페이스페이의 정식 출시를 선언했다. 페이스페이는 토스가 개발한 얼굴 인식 간편결제 서비스다. 토스 앱에 사용자 얼굴을 등록하면 단말기를 바라보는 것만으로도 순식간에 결제가 이뤄진다. 이날 행사장에선 직접 페이스페이를 체험할 수 있었다. 먼저 토스 앱으로 사용자 얼굴 정면과 오른·왼쪽, 위·아래를 촬영한다. 이후 결제가 이뤄질 계좌를 연동한다. 토스 단말기에서 결제 수단으로 '페이스페이'를 선택하면 카메라가 사용자 얼굴을 인식한다. 단말기를 살짝 쳐다만 봐도 결제가 이뤄진다. 얼굴 등록에는 2~3분, 결제에는 1초가 채 걸리지 않았다. 2일 서울 강남구 에스제이쿤스트할레에서 ‘토스 페이스페이’를 직접 체험하는 모습./사진=이창섭 기자. 페이스페이의 가장 큰 장점은 '얼굴'만 있으면 된다는 것이다. 지갑이나 핸드폰이 필요 없다. 두 손이 자유롭다는 점도 편리하다. 소비자는 한 손에 커피잔, 다른 한 손엔 휴대폰을 든 채로 결제할 수 있다. 지난 3월부터 시범 운영된 페이스페이는 2개월 만에 서울 2만개 가맹점에 설치됐다. 지난달 기준 페이스페이 누적 가입자 수는 40만명이다. 소비자의 한 달 이내 재사용률은 60%다. 페이스페이는 사용자 나이 변화를 인식한다. 노화로 인해 외모가 등록된 얼굴과 달라져도 페이스페이는 이를 제대로 인식한다. 간단한 성형도 알아볼 수 있다. 최준호 토스 TPO ( Technical Product Owner )는 ""일란성 쌍둥이가 와서 결제해도 문제가 생기지 않게 여러 식별 장치를 마련했다""고 말했다. 토스는 페이스페이에 결제와 신분 인증 방식을 결합할 계획이다. 얼굴 인식으로 결제하면서 동시에 성인 인증이 되는 것이다. 숙박업소나 콘서트장을 갈 때 페이스페이를 이용하면 입구에서 신분증을 굳이 보여줄 필요가 없다. 최 TPO 는 ""결제와 신분 인증이 필요한 모든 오프라인 경험에서 한 번의 얼굴 인식으로 모든 절차를 끝낼 수 있다""고 강조했다. 페이스페이 성공의 열쇠는 보안이다. 얼굴 사진은 중요한 개인정보다. '얼굴은 등록하기 무섭다'는 심리적 거부감도 아직 존재한다. 특히 최근에는 금융사에서 랜섬웨어 공격 등 해킹 사고가 반복적으로 발생하면서 불안감이 더 커졌다. 2일 열린 ‘토스 페이스페이’ 기자간담회에서 처음 공개된 '토스 프론트뷰 '. 가맹점주는 기존 결제 단말기를 바꾸지 않고도 페이스페이를 사용할 수 있다./사진=이창섭 기자. 토스는 고객 얼굴 원본 데이터가 저장되지 않는다며 보안성을 강조했다. 회사 내부에 업계 최고 수준의 화이트해커를 두고 주기적으로 보안 취약점을 점검한다. 최 TPO 는 ""얼굴 사진 원본을 복호화할 수 없는 방식으로 암호화한다""며 ""설령 데이터가 유출된다고 하더라도 해커가 원본을 복구할 수 없고, 사내 서버가 망 분리돼 있기 때문에 토스 전체 시스템이 해킹되지 않는 한 원본 데이터 취득은 거의 불가능하다""고 설명했다. 토스는 올해 말까지 전국 30만개 매장에 페이스페이를 확산시킨다. 내년에는 전국 100만개 가맹점에서 페이스페이를 이용할 수 있다. 페이스페이 보급을 지원하는 '프론트뷰'와 '프론트캠'도 이날 처음 공개됐다. 토스 프론트캠은 키오스크 상단에 부착되는 카메라다. 키오스크를 사용하는 매장이 손쉽게 도입할 수 있다. 토스 프론트뷰는 페이스페이만을 위한 기기인데 기존 결제 단말기와 함께 사용할 수 있다. 기존 단말기를 바꾸지 않아도 돼 소상공인 점주의 부담이 적다. 오규인 토스 부사장은 ""사용자가 페이스페이 가맹점을 더 많이 방문해 매출을 일으키는 게 소상공인에게 저희가 드릴 수 있는 가치이며 고객을 위한 다양한 프로모션과 혜택을 기획 중""이라며 ""연말까지 토스 이용자 수백만명을 가입시키는 걸 목표로 한다""고 밝혔다."
